,account_type,mun_code,account_type,label,total_amount,Province,Latitude,Longitude
2013,AUDA,BUF,Buffalo City,Total,404009112,Eastern Cape,27.6434844,27.6434844
2013,AUDA,DC1,West Coast,Total,29983600,Western Cape,18.6175626,18.6175626
2013,AUDA,DC10,Cacadu,Total,0,Eastern Cape,25.6223644,25.6223644
2013,AUDA,DC12,Amathole,Total,-65629594,Eastern Cape,27.3616476,27.3616476
2013,AUDA,DC13,Chris Hani,Total,187691980,Eastern Cape,26.7967849,26.7967849
2013,AUDA,DC14,Joe Gqabi,Total,42799743,Eastern Cape,26.9852422,26.9852422
2013,AUDA,DC15,O.R.Tambo,Total,199982939,Eastern Cape,29.2320784,29.2320784
2013,AUDA,DC16,Xhariep,Total,5754722,Free State,25.2837585,25.2837585
2013,AUDA,DC18,Lejweleputswa,Total,8044383,Free State,26.2304616,26.2304616
2013,AUDA,DC19,Thabo Mofutsanyane,Total,25309749,Free State,28.299435,28.299435
2013,AUDA,DC2,Cape Winelands,Total,1903324,Western Cape,19.7591675,19.7591675
2013,AUDA,DC20,Fezile Dabi,Total,0,Free State,27.7373373,27.7373373
2013,AUDA,DC21,Ugu,Total,129654518,KwaZulu-Natal,30.2512728,30.2512728
2013,AUDA,DC22,Umgungundlovu,Total,30817714,KwaZulu-Natal,30.3435506,30.3435506
2013,AUDA,DC23,Uthukela,Total,64472480,KwaZulu-Natal,29.6035495,29.6035495
2013,AUDA,DC24,Umzinyathi,Total,54065076,KwaZulu-Natal,30.6199895,30.6199895
2013,AUDA,DC25,Amajuba,Total,44785259,KwaZulu-Natal,30.0665236,30.0665236
2013,AUDA,DC26,Zululand,Total,72148018,KwaZulu-Natal,31.4456179,31.4456179
2013,AUDA,DC27,Umkhanyakude,Total,29113311,KwaZulu-Natal,32.5372741,32.5372741
2013,AUDA,DC28,Uthungulu,Total,29846958,KwaZulu-Natal,31.5370003,31.5370003
2013,AUDA,DC29,iLembe,Total,42252572,KwaZulu-Natal,31.1710389,31.1710389
2013,AUDA,DC3,Overberg,Total,1221210,Western Cape,19.7591675,19.7591675
2013,AUDA,DC30,Gert Sibande,Total,55790942,Mpumalanga,29.9740534,29.9740534
2013,AUDA,DC31,Nkangala,Total,25740482,Mpumalanga,29.6035495,29.6035495
2013,AUDA,DC32,Ehlanzeni,Total,16347748,Mpumalanga,31.2626366,31.2626366
2013,AUDA,DC33,Mopani,Total,527911191,Limpopo,30.7160431,30.7160431
2013,AUDA,DC35,Capricorn,Total,222091149,Limpopo,29.2320784,29.2320784
2013,AUDA,DC36,Waterberg,Total,8183514,Limpopo,28.299435,28.299435
2013,AUDA,DC37,Bojanala,Total,19920283,North West,27.3616476,27.3616476
2013,AUDA,DC4,Eden,Total,45332193,Western Cape,22.047637,22.047637
2013,AUDA,DC40,Dr Kenneth Kaunda,Total,32334681,North West,26.5137964,26.5137964
2013,AUDA,DC42,Sedibeng,Total,47095145,Gauteng,28.2058768,28.2058768
2013,AUDA,DC43,Harry Gwala,Total,68771331,KwaZulu-Natal,29.6035495,29.6035495
2013,AUDA,DC44,Alfred Nzo,Total,3515,Eastern Cape,28.8596804,28.8596804
2013,AUDA,DC47,Sekhukhune,Total,116412702,Limpopo,29.9740534,29.9740534
2013,AUDA,DC48,West Rand,Total,23535361,Gauteng,27.4556388,27.4556388
2013,AUDA,DC5,Central Karoo,Total,5002073,Western Cape,22.2384017,22.2384017
2013,AUDA,DC7,Pixley ka Seme,Total,13703333,Northern Cape,23.3823545,23.3823545
2013,AUDA,DC9,Frances Baard,Total,4171424,Northern Cape,24.3341432,24.3341432
2013,AUDA,EC101,Dr Beyers Naude,Total,7116563,Eastern Cape,24.371068,24.371068
2013,AUDA,EC102,Blue Crane Route,Total,16748460,Eastern Cape,24.3341432,24.3341432
2013,AUDA,EC103,Ikwezi,Total,4879313,Eastern Cape,25.4733554,25.4733554
2013,AUDA,EC104,Makana,Total,28643751,Eastern Cape,24.6192899,24.6192899
2013,AUDA,EC106,Sundays River Valley,Total,16785419,Eastern Cape,26.3249438,26.3249438
2013,AUDA,EC107,Baviaans,Total,13009716,Eastern Cape,25.5681084,25.5681084
2013,AUDA,EC108,Kouga,Total,106705228,Eastern Cape,24.0488007,24.0488007
2013,AUDA,EC109,Kou-Kamma,Total,6391236,Eastern Cape,24.8092691,24.8092691
2013,AUDA,EC121,Mbhashe,Total,9360003,Eastern Cape,24.0488007,24.0488007
2013,AUDA,EC122,Mnquma,Total,7873659,Eastern Cape,28.7664408,28.7664408
2013,AUDA,EC123,Great Kei,Total,8241488,Eastern Cape,28.0186087,28.0186087
2013,AUDA,EC124,Amahlathi,Total,7201897,Eastern Cape,27.9717606,27.9717606
2013,AUDA,EC126,Ngqushwa,Total,8187024,Eastern Cape,27.2676116,27.2676116
2013,AUDA,EC128,Nxuba,Total,13626140,Eastern Cape,27.2676116,27.2676116
2013,AUDA,EC131,Inxuba Yethemba,Total,49249552,Eastern Cape,26.3249438,26.3249438
2013,AUDA,EC132,Tsolwana,Total,1550322,Eastern Cape,25.3785719,25.3785719
2013,AUDA,EC133,Inkwanca,Total,17943470,Eastern Cape,26.1359431,26.1359431
2013,AUDA,EC134,Lukanji,Total,3933694,Eastern Cape,26.5137964,26.5137964
2013,AUDA,EC135,Intsika Yethu,Total,24398566,Eastern Cape,26.8910342,26.8910342
2013,AUDA,EC136,Emalahleni,Total,6800439,Eastern Cape,27.6434844,27.6434844
2013,AUDA,EC137,Engcobo,Total,7556748,Eastern Cape,29.2553229,29.2553229
2013,AUDA,EC138,Sakhisizwe,Total,6845138,Eastern Cape,27.9834738,27.9834738
2013,AUDA,EC141,Elundini,Total,19924799,Eastern Cape,27.8311428,27.8311428
2013,AUDA,EC142,Senqu,Total,1644785,Eastern Cape,28.3929417,28.3929417
2013,AUDA,EC143,Maletswai,Total,36406088,Eastern Cape,27.6434844,27.6434844
2013,AUDA,EC144,Gariep,Total,2893732,Eastern Cape,26.8910342,26.8910342
2013,AUDA,EC155,Nyandeni,Total,7018939,Eastern Cape,25.8521764,25.8521764
2013,AUDA,EC157,King Sabata Dalindyebo,Total,376760934,Eastern Cape,29.1390642,29.1390642
2013,AUDA,EC441,Matatiele,Total,11987061,Eastern Cape,28.5797981,28.5797981
2013,AUDA,EC442,Umzimvubu,Total,13875535,Eastern Cape,28.7664408,28.7664408
2013,AUDA,EC443,Mbizana,Total,19952825,Eastern Cape,28.9528645,28.9528645
2013,AUDA,EC444,Ntabankulu,Total,6045827,Eastern Cape,29.8566142,29.8566142
2013,AUDA,EKU,Ekurhuleni,Total,1718331711,Eastern Cape,29.2785638,29.2785638
2013,AUDA,FS162,Kopanong,Total,64527596,Gauteng,28.3461948,28.3461948
2013,AUDA,FS181,Masilonyana,Total,9892127,Free State,25.4733554,25.4733554
2013,AUDA,FS183,Tswelopele,Total,16477308,Free State,26.6081653,26.6081653
2013,AUDA,FS184,Matjhabeng,Total,798800649,Free State,25.9467997,25.9467997
2013,AUDA,FS191,Setsoto,Total,18063134,Free State,26.8910342,26.8910342
2013,AUDA,FS192,Dihlabeng,Total,169234320,Free State,27.6434844,27.6434844
2013,AUDA,FS194,Maluti a Phofung,Total,64879080,Free State,28.2058768,28.2058768
2013,AUDA,FS195,Phumelela,Total,40528374,Free State,28.9528645,28.9528645
2013,AUDA,FS196,Mantsopa,Total,21244102,Free State,29.2320784,29.2320784
2013,AUDA,FS201,Moqhaka,Total,113463607,Free State,27.2676116,27.2676116
2013,AUDA,FS204,Metsimaholo,Total,132912373,Free State,27.2676116,27.2676116
2013,AUDA,FS205,Mafube,Total,150196325,Free State,27.8277881,27.8277881
2013,AUDA,GT421,Emfuleni,Total,667692097,Free State,28.5797981,28.5797981
2013,AUDA,GT422,Midvaal,Total,60245869,Gauteng,27.784246,27.784246
2013,AUDA,GT423,Lesedi,Total,61900185,Gauteng,28.0654445,28.0654445
2013,AUDA,GT481,Mogale City,Total,227140044,Gauteng,28.4396756,28.4396756
2013,AUDA,GT483,Westonaria,Total,81002127,Gauteng,27.5965403,27.5965403
2013,AUDA,GT484,Merafong City,Total,80674846,Gauteng,27.666952,27.666952
2013,AUDA,JHB,City of Johannesburg,Total,8808261000,Gauteng,27.4086488,27.4086488
2013,AUDA,KZN211,Vulamehlo,Total,884754,Gauteng,27.9717606,27.9717606
2013,AUDA,KZN212,Umdoni,Total,7731289,KwaZulu-Natal,30.5739579,30.5739579
2013,AUDA,KZN214,uMuziwabantu,Total,9554033,KwaZulu-Natal,30.6890055,30.6890055
2013,AUDA,KZN215,Ezingoleni,Total,3991757,KwaZulu-Natal,29.9277947,29.9277947
2013,AUDA,KZN216,Ray Nkonyeni,Total,0,KwaZulu-Natal,30.182022,30.182022
2013,AUDA,KZN221,uMshwathi,Total,1362049,KwaZulu-Natal,30.3639319,30.3639319
2013,AUDA,KZN222,uMngeni,Total,26817330,KwaZulu-Natal,30.3204873,30.3204873
2013,AUDA,KZN223,Mpofana,Total,0,KwaZulu-Natal,30.5743164,30.5743164
2013,AUDA,KZN225,The Msunduzi,Total,551543722,KwaZulu-Natal,30.112735,30.112735
2013,AUDA,KZN226,Mkhambathini,Total,1127863,KwaZulu-Natal,30.112735,30.112735
2013,AUDA,KZN232,Emnambithi/Ladysmith,Total,71182375,KwaZulu-Natal,30.3824842,30.3824842
2013,AUDA,KZN233,Indaka,Total,9672830,KwaZulu-Natal,30.5739579,30.5739579
2013,AUDA,KZN234,Umtshezi,Total,185139726,KwaZulu-Natal,29.7807856,29.7807856
2013,AUDA,KZN235,Okhahlamba,Total,13115706,KwaZulu-Natal,30.107222,30.107222
2013,AUDA,KZN236,Imbabazane,Total,1407404,KwaZulu-Natal,30.0202964,30.0202964
2013,AUDA,KZN241,Endumeni,Total,25744838,KwaZulu-Natal,29.3250347,29.3250347
2013,AUDA,KZN242,Nqutu,Total,3910710,KwaZulu-Natal,29.6864574,29.6864574
2013,AUDA,KZN244,Msinga,Total,2460591,KwaZulu-Natal,30.2343393,30.2343393
2013,AUDA,KZN245,Umvoti,Total,21969427,KwaZulu-Natal,30.6746303,30.6746303
2013,AUDA,KZN252,Newcastle,Total,160336293,KwaZulu-Natal,30.4357631,30.4357631
2013,AUDA,KZN253,Emadlangeni,Total,1818358,KwaZulu-Natal,30.6199895,30.6199895
2013,AUDA,KZN254,Dannhauser,Total,2212404,KwaZulu-Natal,29.9971769,29.9971769
2013,AUDA,KZN261,eDumbe,Total,5182043,KwaZulu-Natal,30.315775,30.315775
2013,AUDA,KZN262,uPhongolo,Total,5055465,KwaZulu-Natal,30.0202964,30.0202964
2013,AUDA,KZN263,Abaqulusi,Total,29608605,KwaZulu-Natal,30.8039474,30.8039474
2013,AUDA,KZN265,Nongoma,Total,9448056,KwaZulu-Natal,31.5370003,31.5370003
2013,AUDA,KZN266,Ulundi,Total,71957024,KwaZulu-Natal,30.9876321,30.9876321
2013,AUDA,KZN272,Jozini,Total,3373898,KwaZulu-Natal,31.7195459,31.7195459
2013,AUDA,KZN273,The Big 5 False Bay,Total,6292677,KwaZulu-Natal,31.442761,31.442761
2013,AUDA,KZN274,Hlabisa,Total,2278502,KwaZulu-Natal,32.0650697,32.0650697
2013,AUDA,KZN275,Mtubatuba,Total,8039990,KwaZulu-Natal,32.3107517,32.3107517
2013,AUDA,KZN281,Mfolozi,Total,15678916,KwaZulu-Natal,31.8648002,31.8648002
2013,AUDA,KZN282,uMhlathuze,Total,250275664,KwaZulu-Natal,32.2880726,32.2880726
2013,AUDA,KZN283,Ntambanana,Total,432385,KwaZulu-Natal,32.259717,32.259717
2013,AUDA,KZN284,uMlalazi,Total,22337232,KwaZulu-Natal,31.947311,31.947311
2013,AUDA,KZN285,Mthonjaneni,Total,3555805,KwaZulu-Natal,31.7394939,31.7394939
2013,AUDA,KZN286,Nkandla,Total,42510958,KwaZulu-Natal,31.4913182,31.4913182
2013,AUDA,KZN291,Mandeni,Total,5698119,KwaZulu-Natal,31.3998995,31.3998995
2013,AUDA,KZN292,KwaDukuza,Total,159904126,KwaZulu-Natal,31.0894002,31.0894002
2013,AUDA,KZN293,Ndwedwe,Total,9709002,KwaZulu-Natal,31.4684703,31.4684703
2013,AUDA,KZN294,Maphumulo,Total,12296833,KwaZulu-Natal,31.2892229,31.2892229
2013,AUDA,KZN431,Ingwe,Total,4276478,KwaZulu-Natal,30.9417368,30.9417368
2013,AUDA,KZN432,Kwa Sani,Total,8346463,KwaZulu-Natal,31.03351,31.03351
2013,AUDA,KZN433,Greater Kokstad,Total,8107531,KwaZulu-Natal,29.8815203,29.8815203
2013,AUDA,KZN434,Ubuhlebezwe,Total,456462,KwaZulu-Natal,29.5107708,29.5107708
2013,AUDA,KZN435,Umzimkhulu,Total,96072176,KwaZulu-Natal,29.3714909,29.3714909
2013,AUDA,LIM331,Greater Giyani,Total,0,KwaZulu-Natal,30.0665236,30.0665236
2013,AUDA,LIM332,Greater Letaba,Total,1688859,KwaZulu-Natal,29.6962677,29.6962677
2013,AUDA,LIM333,Greater Tzaneen,Total,2080968,Limpopo,30.8039474,30.8039474
2013,AUDA,LIM334,Ba-Phalaborwa,Total,4121,Limpopo,30.2974199,30.2974199
2013,AUDA,LIM335,Maruleng,Total,2140857,Limpopo,30.0665236,30.0665236
2013,AUDA,LIM341,Musina,Total,41291,Limpopo,31.1406753,31.1406753
2013,AUDA,LIM343,Thulamela,Total,10949972,Limpopo,30.9576681,30.9576681
2013,AUDA,LIM344,Makhado,Total,120301638,Limpopo,29.6962677,29.6962677
2013,AUDA,LIM351,Blouberg,Total,4699019,Limpopo,30.6199895,30.6199895
2013,AUDA,LIM352,Aganang,Total,7833003,Limpopo,29.9070436,29.9070436
2013,AUDA,LIM354,Polokwane,Total,288469461,Limpopo,28.9950702,28.9950702
2013,AUDA,LIM355,Lepele-Nkumpi,Total,50893419,Limpopo,29.0925356,29.0925356
2013,AUDA,LIM361,Thabazimbi,Total,111047087,Limpopo,29.4485367,29.4485367
2013,AUDA,LIM362,Lephalale,Total,0,Limpopo,29.6499162,29.6499162
2013,AUDA,LIM364,Mookgopong,Total,19174957,Limpopo,27.3616476,27.3616476
2013,AUDA,LIM365,Modimolle,Total,4012809,Limpopo,27.7373373,27.7373373
2013,AUDA,LIM366,Bela-Bela,Total,16566358,Limpopo,28.7664408,28.7664408
2013,AUDA,LIM367,Mogalakwena,Total,45026930,Limpopo,28.2058768,28.2058768
2013,AUDA,LIM471,Ephraim Mogale,Total,24345600,Limpopo,28.2526623,28.2526623
2013,AUDA,LIM473,Makhuduthamaga,Total,18318646,Limpopo,29.0138916,29.0138916
2013,AUDA,MAN,Mangaung,Total,929711885,Limpopo,29.3250347,29.3250347
2013,AUDA,MP301,Chief Albert Luthuli,Total,40091640,Limpopo,29.8352303,29.8352303
2013,AUDA,MP302,Msukaligwa,Total,191307904,Free State,26.3249438,26.3249438
2013,AUDA,MP303,Mkhondo,Total,80941957,Mpumalanga,30.3325113,30.3325113
2013,AUDA,MP304,Dr Pixley Ka Isaka Seme,Total,30632614,Mpumalanga,30.0665236,30.0665236
2013,AUDA,MP305,Lekwa,Total,233587161,Mpumalanga,30.6199895,30.6199895
2013,AUDA,MP306,Dipaleseng,Total,14661486,Mpumalanga,29.8815203,29.8815203
2013,AUDA,MP307,Govan Mbeki,Total,274510572,Mpumalanga,29.3250347,29.3250347
2013,AUDA,MP313,Steve Tshwete,Total,129946381,Mpumalanga,28.5797981,28.5797981
2013,AUDA,MP314,Emakhazeni,Total,61852300,Mpumalanga,29.1390642,29.1390642
2013,AUDA,MP315,Thembisile,Total,65673409,Mpumalanga,29.4681751,29.4681751
2013,AUDA,MP316,Dr JS Moroka,Total,643031,Mpumalanga,30.0665236,30.0665236
2013,AUDA,MP321,Thaba Chweu,Total,260664484,Mpumalanga,28.9062794,28.9062794
2013,AUDA,MP322,Mbombela,Total,179893399,Mpumalanga,28.8130675,28.8130675
2013,AUDA,MP323,Umjindi,Total,16296561,Mpumalanga,30.7791913,30.7791913
2013,AUDA,MP324,Nkomazi,Total,110087800,Mpumalanga,31.03351,31.03351
2013,AUDA,NC062,Nama Khoi,Total,49679479,Mpumalanga,31.7195459,31.7195459
2013,AUDA,NC064,Kamiesberg,Total,14043684,Northern Cape,17.8583868,17.8583868
2013,AUDA,NC065,Hantam,Total,2411713,Northern Cape,17.8583868,17.8583868
2013,AUDA,NC066,Karoo Hoogland,Total,10540074,Northern Cape,19.949686,19.949686
2013,AUDA,NC067,Khâi-Ma,Total,7338292,Northern Cape,20.902977,20.902977
2013,AUDA,NC071,Ubuntu,Total,3409319,Northern Cape,19.237649,19.237649
2013,AUDA,NC072,Umsobomvu,Total,18110353,Northern Cape,23.1918021,23.1918021
2013,AUDA,NC073,Emthanjeni,Total,12348959,Northern Cape,24.9991464,24.9991464
2013,AUDA,NC074,Kareeberg,Total,0,Northern Cape,24.0087533,24.0087533
2013,AUDA,NC076,Thembelihle,Total,12595843,Northern Cape,22.047637,22.047637
2013,AUDA,NC078,Siyancuma,Total,11384752,Northern Cape,23.8584737,23.8584737
2013,AUDA,NC081,Mier,Total,6540609,Northern Cape,23.4776098,23.4776098
2013,AUDA,NC082,Kai !Garib,Total,13800361,Northern Cape,20.2832217,20.2832217
2013,AUDA,NC083,//Khara Hais,Total,43385213,Northern Cape,20.9759699,20.9759699
2013,AUDA,NC085,Tsantsabane,Total,78249605,Northern Cape,21.242665,21.242665
2013,AUDA,NC091,Sol Plaatjie,Total,114772655,Northern Cape,23.1918021,23.1918021
2013,AUDA,NC451,Joe Morolong,Total,27948577,Northern Cape,24.6667939,24.6667939
2013,AUDA,NC452,Ga-Segonyana,Total,11867980,Northern Cape,23.287085,23.287085
2013,AUDA,NMA,Nelson Mandela Bay,Total,1862686827,Northern Cape,23.4776098,23.4776098
2013,AUDA,NW371,Moretele,Total,122592837,Eastern Cape,25.5681084,25.5681084
2013,AUDA,NW372,Local Municipality of Madibeng,Total,75871301,North West,27.9717606,27.9717606
2013,AUDA,NW373,Rustenburg,Total,1818022,North West,27.8311428,27.8311428
2013,AUDA,NW374,Kgetlengrivier,Total,13003274,North West,27.2676116,27.2676116
2013,AUDA,NW383,Mafikeng,Total,137450580,North West,26.8910342,26.8910342
2013,AUDA,NW384,Ditsobotla,Total,66905085,North West,25.5681084,25.5681084
2013,AUDA,NW385,Ramotshere Moiloa,Total,143703,North West,26.1359431,26.1359431
2013,AUDA,NW392,Naledi,Total,146890641,North West,26.10005,26.10005
2013,AUDA,NW397,Kagisano/Molopo,Total,13549755,North West,24.7142918,24.7142918
2013,AUDA,NW401,Ventersdorp,Total,46229479,North West,23.9536466,23.9536466
2013,AUDA,NW402,Tlokwe City Council,Total,73556670,North West,26.8910342,26.8910342
2013,AUDA,NW404,Maquassi Hills,Total,57548670,North West,27.096925,27.096925
2013,AUDA,TSH,City of Tshwane,Total,5383911854,North West,26.1359431,26.1359431
2013,AUDA,WC011,Matzikama,Total,23935678,Gauteng,28.3929417,28.3929417
2013,AUDA,WC012,Cederberg,Total,38501281,Western Cape,18.5225709,18.5225709
2013,AUDA,WC013,Bergrivier,Total,1340152,Western Cape,19.0118251,19.0118251
2013,AUDA,WC014,Saldanha Bay,Total,81656440,Western Cape,18.7125791,18.7125791
2013,AUDA,WC015,Swartland,Total,43771409,Western Cape,18.1903059,18.1903059
2013,AUDA,WC022,Witzenberg,Total,17025808,Western Cape,18.6624903,18.6624903
2013,AUDA,WC023,Drakenstein,Total,193476306,Western Cape,19.2831531,19.2831531
2013,AUDA,WC024,Stellenbosch,Total,111390647,Western Cape,19.04532,19.04532
2013,AUDA,WC025,Breede Valley,Total,99953249,Western Cape,18.9502232,18.9502232
2013,AUDA,WC026,Langeberg,Total,34299760,Western Cape,19.4735066,19.4735066
2013,AUDA,WC031,Theewaterskloof,Total,46830693,Western Cape,27.812138,27.812138
2013,AUDA,WC032,Overstrand,Total,27282023,Western Cape,19.4252453,19.4252453
2013,AUDA,WC033,Cape Agulhas,Total,1861038,Western Cape,19.4259114,19.4259114
2013,AUDA,WC034,Swellendam,Total,18805197,Western Cape,20.0449662,20.0449662
2013,AUDA,WC041,Kannaland,Total,0,Western Cape,20.7185132,20.7185132
2013,AUDA,WC042,Hessequa,Total,27488167,Western Cape,21.3798928,21.3798928
2013,AUDA,WC043,Mossel Bay,Total,3693063,Western Cape,21.1891151,21.1891151
2013,AUDA,WC044,George,Total,56752591,Western Cape,21.9045541,21.9045541
2013,AUDA,WC045,Oudtshoorn,Total,26220779,Western Cape,22.4768287,22.4768287
2013,AUDA,WC047,Bitou,Total,55098272,Western Cape,22.1430215,22.1430215
2013,AUDA,WC048,Knysna,Total,55083169,Western Cape,23.429984,23.429984
2013,AUDA,WC051,Laingsburg,Total,1900554,Western Cape,23.049842,23.049842
2013,AUDA,WC052,Prince Albert,Total,437718,Western Cape,20.902977,20.902977
2013,AUDA,WC053,Beaufort West,Total,21202030,Western Cape,22.047637,22.047637
2014,AUDA,BUF,Buffalo City,Total,628411818,Western Cape,22.8105512,22.8105512
2014,AUDA,CPT,City of Cape Town,Total,147848248,Eastern Cape,27.6434844,27.6434844
2014,AUDA,DC1,West Coast,Total,22903686,Western Cape,18.4680927,18.4680927
2014,AUDA,DC10,Cacadu,Total,821253,Western Cape,18.6175626,18.6175626
2014,AUDA,DC12,Amathole,Total,-83879263,Eastern Cape,25.6223644,25.6223644
2014,AUDA,DC13,Chris Hani,Total,124440534,Eastern Cape,27.3616476,27.3616476
2014,AUDA,DC14,Joe Gqabi,Total,64916157,Eastern Cape,26.7967849,26.7967849
2014,AUDA,DC16,Xhariep,Total,5678208,Eastern Cape,26.9852422,26.9852422
2014,AUDA,DC18,Lejweleputswa,Total,7048520,Free State,25.2837585,25.2837585
2014,AUDA,DC19,Thabo Mofutsanyane,Total,28321971,Free State,26.2304616,26.2304616
2014,AUDA,DC2,Cape Winelands,Total,1199765,Free State,28.299435,28.299435
2014,AUDA,DC21,Ugu,Total,135304553,Western Cape,19.7591675,19.7591675
2014,AUDA,DC22,Umgungundlovu,Total,45013412,KwaZulu-Natal,30.2512728,30.2512728
2014,AUDA,DC23,Uthukela,Total,74105550,KwaZulu-Natal,30.3435506,30.3435506
2014,AUDA,DC24,Umzinyathi,Total,61508318,KwaZulu-Natal,29.6035495,29.6035495
2014,AUDA,DC25,Amajuba,Total,26395069,KwaZulu-Natal,30.6199895,30.6199895
2014,AUDA,DC26,Zululand,Total,95879395,KwaZulu-Natal,30.0665236,30.0665236
2014,AUDA,DC27,Umkhanyakude,Total,113127117,KwaZulu-Natal,31.4456179,31.4456179
2014,AUDA,DC28,Uthungulu,Total,163569776,KwaZulu-Natal,32.5372741,32.5372741
2014,AUDA,DC29,iLembe,Total,50208506,KwaZulu-Natal,31.5370003,31.5370003
2014,AUDA,DC3,Overberg,Total,2270014,KwaZulu-Natal,31.1710389,31.1710389
2014,AUDA,DC30,Gert Sibande,Total,67110133,Western Cape,19.7591675,19.7591675
2014,AUDA,DC31,Nkangala,Total,33432864,Mpumalanga,29.9740534,29.9740534
2014,AUDA,DC32,Ehlanzeni,Total,45266000,Mpumalanga,29.6035495,29.6035495
2014,AUDA,DC33,Mopani,Total,262235221,Mpumalanga,31.2626366,31.2626366
2014,AUDA,DC34,Vhembe,Total,25115210,Limpopo,30.7160431,30.7160431
2014,AUDA,DC35,Capricorn,Total,261887532,Limpopo,29.9740534,29.9740534
2014,AUDA,DC36,Waterberg,Total,8632272,Limpopo,29.2320784,29.2320784
2014,AUDA,DC37,Bojanala,Total,49363289,Limpopo,28.299435,28.299435
2014,AUDA,DC38,Ngaka Modiri Molema,Total,471850570,North West,27.3616476,27.3616476
2014,AUDA,DC39,Dr Ruth Segomotsi Mompati,Total,1504241,North West,25.8521764,25.8521764
2014,AUDA,DC4,Eden,Total,21818059,North West,24.3341432,24.3341432
2014,AUDA,DC40,Dr Kenneth Kaunda,Total,30461090,Western Cape,22.047637,22.047637
2014,AUDA,DC42,Sedibeng,Total,77439259,North West,26.5137964,26.5137964
2014,AUDA,DC43,Harry Gwala,Total,56752956,Gauteng,28.2058768,28.2058768
2014,AUDA,DC44,Alfred Nzo,Total,107926953,KwaZulu-Natal,29.6035495,29.6035495
2014,AUDA,DC47,Sekhukhune,Total,481530415,Eastern Cape,28.8596804,28.8596804
2014,AUDA,DC48,West Rand,Total,788,Limpopo,29.9740534,29.9740534
2014,AUDA,DC5,Central Karoo,Total,5723477,Gauteng,27.4556388,27.4556388
2014,AUDA,DC6,Namakwa,Total,2825423,Western Cape,22.2384017,22.2384017
2014,AUDA,DC7,Pixley ka Seme,Total,7462052,Northern Cape,19.949686,19.949686
2014,AUDA,DC8,Z F Mgcawu,Total,4968647,Northern Cape,23.3823545,23.3823545
2014,AUDA,DC9,Frances Baard,Total,6219361,Northern Cape,21.246215,21.246215
2014,AUDA,EC101,Dr Beyers Naude,Total,2551182,Northern Cape,24.3341432,24.3341432
2014,AUDA,EC102,Blue Crane Route,Total,26746826,Eastern Cape,24.371068,24.371068
2014,AUDA,EC103,Ikwezi,Total,19397932,Eastern Cape,24.3341432,24.3341432
2014,AUDA,EC104,Makana,Total,0,Eastern Cape,25.4733554,25.4733554
2014,AUDA,EC105,Ndlambe,Total,136896404,Eastern Cape,24.6192899,24.6192899
2014,AUDA,EC107,Baviaans,Total,18047758,Eastern Cape,26.3249438,26.3249438
2014,AUDA,EC108,Kouga,Total,98265412,Eastern Cape,26.749645,26.749645
2014,AUDA,EC109,Kou-Kamma,Total,9499213,Eastern Cape,24.0488007,24.0488007
2014,AUDA,EC121,Mbhashe,Total,8354963,Eastern Cape,24.8092691,24.8092691
2014,AUDA,EC122,Mnquma,Total,12253472,Eastern Cape,24.0488007,24.0488007
2014,AUDA,EC123,Great Kei,Total,7440991,Eastern Cape,28.7664408,28.7664408
2014,AUDA,EC124,Amahlathi,Total,14437538,Eastern Cape,28.0186087,28.0186087
2014,AUDA,EC126,Ngqushwa,Total,-5219746,Eastern Cape,27.9717606,27.9717606
2014,AUDA,EC127,Nkonkobe,Total,76542655,Eastern Cape,27.2676116,27.2676116
2014,AUDA,EC128,Nxuba,Total,44920650,Eastern Cape,27.2676116,27.2676116
2014,AUDA,EC131,Inxuba Yethemba,Total,66221119,Eastern Cape,26.8329144,26.8329144
2014,AUDA,EC132,Tsolwana,Total,3478714,Eastern Cape,26.3249438,26.3249438
2014,AUDA,EC133,Inkwanca,Total,17109195,Eastern Cape,25.3785719,25.3785719
2014,AUDA,EC134,Lukanji,Total,27065745,Eastern Cape,26.1359431,26.1359431
2014,AUDA,EC135,Intsika Yethu,Total,40043338,Eastern Cape,26.5137964,26.5137964
2014,AUDA,EC136,Emalahleni,Total,14893408,Eastern Cape,26.8910342,26.8910342
2014,AUDA,EC137,Engcobo,Total,16287278,Eastern Cape,27.6434844,27.6434844
2014,AUDA,EC138,Sakhisizwe,Total,6224897,Eastern Cape,29.2553229,29.2553229
2014,AUDA,EC141,Elundini,Total,24229504,Eastern Cape,27.9834738,27.9834738
2014,AUDA,EC142,Senqu,Total,779114,Eastern Cape,27.8311428,27.8311428
2014,AUDA,EC143,Maletswai,Total,58980809,Eastern Cape,28.3929417,28.3929417
2014,AUDA,EC144,Gariep,Total,51008558,Eastern Cape,27.6434844,27.6434844
2014,AUDA,EC153,Ngquza Hill,Total,0,Eastern Cape,26.8910342,26.8910342
2014,AUDA,EC156,Mhlontlo,Total,-44838861,Eastern Cape,25.8521764,25.8521764
2014,AUDA,EC157,King Sabata Dalindyebo,Total,88821403,Eastern Cape,29.6962677,29.6962677
2014,AUDA,EC441,Matatiele,Total,12062921,Eastern Cape,28.8130675,28.8130675
2014,AUDA,EC442,Umzimvubu,Total,901225,Eastern Cape,28.5797981,28.5797981
2014,AUDA,EC443,Mbizana,Total,18658490,Eastern Cape,28.7664408,28.7664408
2014,AUDA,EC444,Ntabankulu,Total,6165163,Eastern Cape,28.9528645,28.9528645
2014,AUDA,FS161,Letsemeng,Total,10107197,Eastern Cape,29.8566142,29.8566142
2014,AUDA,FS162,Kopanong,Total,76675694,Eastern Cape,29.2785638,29.2785638
2014,AUDA,FS163,Mohokare,Total,23685662,Free State,25.094045,25.094045
2014,AUDA,FS164,Naledi,Total,6894055,Free State,25.4733554,25.4733554
2014,AUDA,FS181,Masilonyana,Total,20213193,Free State,26.9852422,26.9852422
2014,AUDA,FS182,Tokologo,Total,14117123,Free State,24.7142918,24.7142918
2014,AUDA,FS183,Tswelopele,Total,6664178,Free State,26.6081653,26.6081653
2014,AUDA,FS184,Matjhabeng,Total,1384652486,Free State,25.4733554,25.4733554
2014,AUDA,FS185,Nala,Total,177443895,Free State,25.9467997,25.9467997
2014,AUDA,FS192,Dihlabeng,Total,85053828,Free State,26.8910342,26.8910342
2014,AUDA,FS193,Nketoana,Total,88310347,Free State,26.5137964,26.5137964
2014,AUDA,FS195,Phumelela,Total,64978618,Free State,28.2058768,28.2058768
2014,AUDA,FS196,Mantsopa,Total,42675693,Free State,28.4318311,28.4318311
2014,AUDA,FS201,Moqhaka,Total,77178095,Free State,29.2320784,29.2320784
2014,AUDA,FS204,Metsimaholo,Total,129254641,Free State,27.2676116,27.2676116
2014,AUDA,FS205,Mafube,Total,171009712,Free State,27.2676116,27.2676116
2014,AUDA,GT421,Emfuleni,Total,486203122,Free State,27.8277881,27.8277881
2014,AUDA,GT422,Midvaal,Total,51590889,Free State,28.5797981,28.5797981
2014,AUDA,GT423,Lesedi,Total,52011887,Gauteng,27.784246,27.784246
2014,AUDA,GT481,Mogale City,Total,438022295,Gauteng,28.0654445,28.0654445
2014,AUDA,GT482,Randfontein,Total,220574200,Gauteng,28.4396756,28.4396756
2014,AUDA,JHB,City of Johannesburg,Total,9023360000,Gauteng,27.5965403,27.5965403
2014,AUDA,KZN211,Vulamehlo,Total,0,Gauteng,27.6786847,27.6786847
2014,AUDA,KZN212,Umdoni,Total,9948127,Gauteng,27.9717606,27.9717606
2014,AUDA,KZN213,Umzumbe,Total,8650,KwaZulu-Natal,30.5739579,30.5739579
2014,AUDA,KZN214,uMuziwabantu,Total,557845,KwaZulu-Natal,30.6890055,30.6890055
2014,AUDA,KZN215,Ezingoleni,Total,2872917,KwaZulu-Natal,30.5928401,30.5928401
2014,AUDA,KZN216,Ray Nkonyeni,Total,0,KwaZulu-Natal,29.9277947,29.9277947
2014,AUDA,KZN221,uMshwathi,Total,4765746,KwaZulu-Natal,30.182022,30.182022
2014,AUDA,KZN222,uMngeni,Total,11929705,KwaZulu-Natal,30.3639319,30.3639319
2014,AUDA,KZN223,Mpofana,Total,447156,KwaZulu-Natal,30.3204873,30.3204873
2014,AUDA,KZN224,Impendle,Total,0,KwaZulu-Natal,30.5743164,30.5743164
2014,AUDA,KZN225,The Msunduzi,Total,502451432,KwaZulu-Natal,30.112735,30.112735
2014,AUDA,KZN226,Mkhambathini,Total,641292,KwaZulu-Natal,30.112735,30.112735
2014,AUDA,KZN232,Emnambithi/Ladysmith,Total,52876982,KwaZulu-Natal,29.8352303,29.8352303
2014,AUDA,KZN233,Indaka,Total,5929956,KwaZulu-Natal,30.3824842,30.3824842
2014,AUDA,KZN234,Umtshezi,Total,40074951,KwaZulu-Natal,30.5739579,30.5739579
2014,AUDA,KZN235,Okhahlamba,Total,21943427,KwaZulu-Natal,29.7807856,29.7807856
2014,AUDA,KZN236,Imbabazane,Total,78120,KwaZulu-Natal,30.107222,30.107222
2014,AUDA,KZN241,Endumeni,Total,26364757,KwaZulu-Natal,30.0202964,30.0202964
2014,AUDA,KZN242,Nqutu,Total,4349992,KwaZulu-Natal,29.3250347,29.3250347
2014,AUDA,KZN244,Msinga,Total,2460591,KwaZulu-Natal,29.6864574,29.6864574
2014,AUDA,KZN245,Umvoti,Total,49719945,KwaZulu-Natal,30.2343393,30.2343393
2014,AUDA,KZN252,Newcastle,Total,317754754,KwaZulu-Natal,30.6746303,30.6746303
2014,AUDA,KZN253,Emadlangeni,Total,2453915,KwaZulu-Natal,30.4357631,30.4357631
2014,AUDA,KZN254,Dannhauser,Total,996353,KwaZulu-Natal,30.6199895,30.6199895
2014,AUDA,KZN261,eDumbe,Total,13591210,KwaZulu-Natal,29.9971769,29.9971769
2014,AUDA,KZN262,uPhongolo,Total,537956,KwaZulu-Natal,30.315775,30.315775
2014,AUDA,KZN263,Abaqulusi,Total,22611266,KwaZulu-Natal,30.0202964,30.0202964
2014,AUDA,KZN265,Nongoma,Total,5454585,KwaZulu-Natal,30.8039474,30.8039474
2014,AUDA,KZN272,Jozini,Total,5552757,KwaZulu-Natal,31.5370003,31.5370003
2014,AUDA,KZN273,The Big 5 False Bay,Total,6292677,KwaZulu-Natal,30.9876321,30.9876321
2014,AUDA,KZN274,Hlabisa,Total,9538874,KwaZulu-Natal,31.7195459,31.7195459
2014,AUDA,KZN275,Mtubatuba,Total,7588159,KwaZulu-Natal,32.0650697,32.0650697
2014,AUDA,KZN281,Mfolozi,Total,9502140,KwaZulu-Natal,32.3107517,32.3107517
2014,AUDA,KZN282,uMhlathuze,Total,339257657,KwaZulu-Natal,31.8648002,31.8648002
2014,AUDA,KZN283,Ntambanana,Total,1571129,KwaZulu-Natal,32.2880726,32.2880726
2014,AUDA,KZN284,uMlalazi,Total,234436301,KwaZulu-Natal,32.259717,32.259717
2014,AUDA,KZN285,Mthonjaneni,Total,608686,KwaZulu-Natal,31.947311,31.947311
2014,AUDA,KZN286,Nkandla,Total,12230642,KwaZulu-Natal,31.7394939,31.7394939
2014,AUDA,KZN291,Mandeni,Total,1083474,KwaZulu-Natal,31.4913182,31.4913182
2014,AUDA,KZN292,KwaDukuza,Total,172631807,KwaZulu-Natal,31.3998995,31.3998995
2014,AUDA,KZN293,Ndwedwe,Total,2405793,KwaZulu-Natal,31.0894002,31.0894002
2014,AUDA,KZN294,Maphumulo,Total,14170540,KwaZulu-Natal,31.4684703,31.4684703
2014,AUDA,KZN432,Kwa Sani,Total,12721857,KwaZulu-Natal,31.2892229,31.2892229
2014,AUDA,KZN433,Greater Kokstad,Total,4416525,KwaZulu-Natal,30.9417368,30.9417368
2014,AUDA,KZN434,Ubuhlebezwe,Total,807170,KwaZulu-Natal,31.03351,31.03351
2014,AUDA,KZN435,Umzimkhulu,Total,167223876,KwaZulu-Natal,29.5107708,29.5107708
2014,AUDA,LIM331,Greater Giyani,Total,0,KwaZulu-Natal,29.3714909,29.3714909
2014,AUDA,LIM332,Greater Letaba,Total,17629911,KwaZulu-Natal,30.0665236,30.0665236
2014,AUDA,LIM333,Greater Tzaneen,Total,1105961,KwaZulu-Natal,29.6962677,29.6962677
2014,AUDA,LIM335,Maruleng,Total,81870,Limpopo,30.8039474,30.8039474
2014,AUDA,LIM341,Musina,Total,37105456,Limpopo,30.2974199,30.2974199
2014,AUDA,LIM342,Mutale,Total,1867455,Limpopo,30.0665236,30.0665236
2014,AUDA,LIM343,Thulamela,Total,4163760,Limpopo,30.9576681,30.9576681
2014,AUDA,LIM351,Blouberg,Total,10920493,Limpopo,29.6962677,29.6962677
2014,AUDA,LIM352,Aganang,Total,9020950,Limpopo,30.8039474,30.8039474
2014,AUDA,LIM353,Molemole,Total,0,Limpopo,30.6199895,30.6199895
2014,AUDA,LIM354,Polokwane,Total,134172564,Limpopo,28.9950702,28.9950702
2014,AUDA,LIM361,Thabazimbi,Total,207151611,Limpopo,29.0925356,29.0925356
2014,AUDA,LIM364,Mookgopong,Total,50972161,Limpopo,29.6962677,29.6962677
2014,AUDA,LIM365,Modimolle,Total,4157845,Limpopo,29.4485367,29.4485367
2014,AUDA,LIM366,Bela-Bela,Total,21399,Limpopo,27.3616476,27.3616476
2014,AUDA,LIM471,Ephraim Mogale,Total,2605082,Limpopo,28.7664408,28.7664408
2014,AUDA,LIM472,Elias Motsoaledi,Total,0,Limpopo,28.2058768,28.2058768
2014,AUDA,LIM475,Greater Tubatse,Total,38895325,Limpopo,28.2526623,28.2526623
2014,AUDA,MAN,Mangaung,Total,745758553,Limpopo,29.3250347,29.3250347
2014,AUDA,MP301,Chief Albert Luthuli,Total,34206945,Limpopo,29.3949458,29.3949458
2014,AUDA,MP302,Msukaligwa,Total,183682805,Limpopo,30.2512728,30.2512728
2014,AUDA,MP303,Mkhondo,Total,111029213,Free State,26.3249438,26.3249438
2014,AUDA,MP304,Dr Pixley Ka Isaka Seme,Total,27213081,Mpumalanga,30.3325113,30.3325113
2014,AUDA,MP313,Steve Tshwete,Total,149437318,Mpumalanga,30.0665236,30.0665236
2014,AUDA,MP314,Emakhazeni,Total,39530790,Mpumalanga,30.6199895,30.6199895
2014,AUDA,MP315,Thembisile,Total,150858073,Mpumalanga,29.8815203,29.8815203
2014,AUDA,MP316,Dr JS Moroka,Total,100630633,Mpumalanga,29.4681751,29.4681751
2014,AUDA,MP321,Thaba Chweu,Total,345314024,Mpumalanga,30.0665236,30.0665236
2014,AUDA,MP322,Mbombela,Total,120563000,Mpumalanga,28.9062794,28.9062794
2014,AUDA,MP323,Umjindi,Total,33566202,Mpumalanga,28.8130675,28.8130675
2014,AUDA,MP325,Bushbuckridge,Total,495948071,Mpumalanga,30.7791913,30.7791913
2014,AUDA,NC061,Richtersveld,Total,3522218,Mpumalanga,31.03351,31.03351
2014,AUDA,NC062,Nama Khoi,Total,112468935,Mpumalanga,31.1710389,31.1710389
2014,AUDA,NC064,Kamiesberg,Total,29378155,Northern Cape,17.1011931,17.1011931
2014,AUDA,NC065,Hantam,Total,6231277,Northern Cape,17.8583868,17.8583868
2014,AUDA,NC066,Karoo Hoogland,Total,6988165,Northern Cape,17.8583868,17.8583868
2014,AUDA,NC071,Ubuntu,Total,11595974,Northern Cape,19.949686,19.949686
2014,AUDA,NC072,Umsobomvu,Total,18278897,Northern Cape,20.902977,20.902977
2014,AUDA,NC073,Emthanjeni,Total,14531822,Northern Cape,23.1918021,23.1918021
2014,AUDA,NC074,Kareeberg,Total,0,Northern Cape,24.9991464,24.9991464
2014,AUDA,NC075,Renosterberg,Total,24535057,Northern Cape,24.0087533,24.0087533
2014,AUDA,NC076,Thembelihle,Total,18175954,Northern Cape,22.047637,22.047637
2014,AUDA,NC078,Siyancuma,Total,18326771,Northern Cape,24.3341432,24.3341432
2014,AUDA,NC081,Mier,Total,8538924,Northern Cape,23.8584737,23.8584737
2014,AUDA,NC083,//Khara Hais,Total,64489854,Northern Cape,23.4776098,23.4776098
2014,AUDA,NC084,!Kheis,Total,4508035,Northern Cape,20.2832217,20.2832217
2014,AUDA,NC091,Sol Plaatjie,Total,134229718,Northern Cape,21.242665,21.242665
2014,AUDA,NC092,Dikgatlong,Total,3843578,Northern Cape,21.6660725,21.6660725
2014,AUDA,NC093,Magareng,Total,39766032,Northern Cape,24.6667939,24.6667939
2014,AUDA,NC451,Joe Morolong,Total,25600523,Northern Cape,24.5197,24.5197
2014,AUDA,NC452,Ga-Segonyana,Total,8384771,Northern Cape,24.7617836,24.7617836
2014,AUDA,NMA,Nelson Mandela Bay,Total,1096388824,Northern Cape,23.287085,23.287085
2014,AUDA,NW372,Local Municipality of Madibeng,Total,123224838,Northern Cape,23.4776098,23.4776098
2014,AUDA,NW373,Rustenburg,Total,1854649,Eastern Cape,25.5681084,25.5681084
2014,AUDA,NW374,Kgetlengrivier,Total,23550224,North West,27.8311428,27.8311428
2014,AUDA,NW375,Moses Kotane,Total,67995941,North West,27.2676116,27.2676116
2014,AUDA,NW381,Ratlou,Total,2348229,North West,26.8910342,26.8910342
2014,AUDA,NW382,Tswaing,Total,95729910,North West,26.8910342,26.8910342
2014,AUDA,NW383,Mafikeng,Total,247314198,North West,24.9991464,24.9991464
2014,AUDA,NW384,Ditsobotla,Total,65129562,North West,25.7575196,25.7575196
2014,AUDA,NW385,Ramotshere Moiloa,Total,36483218,North West,25.5681084,25.5681084
2014,AUDA,NW392,Naledi,Total,205982466,North West,26.1359431,26.1359431
2014,AUDA,NW393,Mamusa,Total,79472331,North West,26.10005,26.10005
2014,AUDA,NW394,Greater Taung,Total,1060,North West,24.7142918,24.7142918
2014,AUDA,NW396,Lekwa-Teemane,Total,180849275,North West,25.3785719,25.3785719
2014,AUDA,NW401,Ventersdorp,Total,67165873,North West,24.2390498,24.2390498
2014,AUDA,NW403,City of Matlosana,Total,145526297,North West,25.3785719,25.3785719
2014,AUDA,NW404,Maquassi Hills,Total,107223091,North West,26.8910342,26.8910342
2014,AUDA,TSH,City of Tshwane,Total,5538333691,North West,26.5137964,26.5137964
2014,AUDA,WC011,Matzikama,Total,19628944,North West,26.1359431,26.1359431
2014,AUDA,WC012,Cederberg,Total,50972394,Gauteng,28.3929417,28.3929417
2014,AUDA,WC013,Bergrivier,Total,10688633,Western Cape,18.5225709,18.5225709
2014,AUDA,WC014,Saldanha Bay,Total,94013719,Western Cape,19.0118251,19.0118251
2014,AUDA,WC015,Swartland,Total,54410917,Western Cape,18.7125791,18.7125791
2014,AUDA,WC022,Witzenberg,Total,6379414,Western Cape,18.1903059,18.1903059
2014,AUDA,WC023,Drakenstein,Total,181701203,Western Cape,18.6624903,18.6624903
2014,AUDA,WC024,Stellenbosch,Total,103064907,Western Cape,19.2831531,19.2831531
2014,AUDA,WC025,Breede Valley,Total,91750538,Western Cape,19.04532,19.04532
2014,AUDA,WC026,Langeberg,Total,33638906,Western Cape,18.9502232,18.9502232
2014,AUDA,WC031,Theewaterskloof,Total,42055324,Western Cape,19.4735066,19.4735066
2014,AUDA,WC032,Overstrand,Total,28643986,Western Cape,27.812138,27.812138
2014,AUDA,WC033,Cape Agulhas,Total,3199841,Western Cape,19.4252453,19.4252453
2014,AUDA,WC034,Swellendam,Total,13748767,Western Cape,19.4259114,19.4259114
2014,AUDA,WC042,Hessequa,Total,30364649,Western Cape,20.0449662,20.0449662
2014,AUDA,WC044,George,Total,53885543,Western Cape,20.7185132,20.7185132
2014,AUDA,WC045,Oudtshoorn,Total,2995954,Western Cape,21.1891151,21.1891151
2014,AUDA,WC048,Knysna,Total,23530573,Western Cape,22.4768287,22.4768287
2014,AUDA,WC052,Prince Albert,Total,5888742,Western Cape,22.1430215,22.1430215
2014,AUDA,WC053,Beaufort West,Total,26638801,Western Cape,23.049842,23.049842
2015,AUDA,BUF,Buffalo City,Total,535179090,Western Cape,22.047637,22.047637
2015,AUDA,CPT,City of Cape Town,Total,2263827793,Western Cape,22.8105512,22.8105512
2015,AUDA,DC1,West Coast,Total,27721400,Eastern Cape,27.6434844,27.6434844
2015,AUDA,DC10,Cacadu,Total,46610,Western Cape,18.4680927,18.4680927
2015,AUDA,DC12,Amathole,Total,346357867,Western Cape,18.6175626,18.6175626
2015,AUDA,DC13,Chris Hani,Total,54822698,Eastern Cape,25.6223644,25.6223644
2015,AUDA,DC14,Joe Gqabi,Total,79331616,Eastern Cape,27.3616476,27.3616476
2015,AUDA,DC16,Xhariep,Total,5678208,Eastern Cape,26.7967849,26.7967849
2015,AUDA,DC18,Lejweleputswa,Total,8733609,Eastern Cape,26.9852422,26.9852422
2015,AUDA,DC19,Thabo Mofutsanyane,Total,34189479,Free State,25.2837585,25.2837585
2015,AUDA,DC2,Cape Winelands,Total,1793366,Free State,26.2304616,26.2304616
2015,AUDA,DC20,Fezile Dabi,Total,0,Free State,28.299435,28.299435
2015,AUDA,DC21,Ugu,Total,149871899,Western Cape,19.7591675,19.7591675
2015,AUDA,DC22,Umgungundlovu,Total,47930575,Free State,27.7373373,27.7373373
2015,AUDA,DC23,Uthukela,Total,179196109,KwaZulu-Natal,30.2512728,30.2512728
2015,AUDA,DC24,Umzinyathi,Total,52721279,KwaZulu-Natal,30.3435506,30.3435506
2015,AUDA,DC25,Amajuba,Total,66329508,KwaZulu-Natal,29.6035495,29.6035495
2015,AUDA,DC26,Zululand,Total,132666796,KwaZulu-Natal,30.6199895,30.6199895
2015,AUDA,DC27,Umkhanyakude,Total,165570316,KwaZulu-Natal,30.0665236,30.0665236
2015,AUDA,DC28,Uthungulu,Total,186688406,KwaZulu-Natal,31.4456179,31.4456179
2015,AUDA,DC29,iLembe,Total,107537714,KwaZulu-Natal,32.5372741,32.5372741
2015,AUDA,DC3,Overberg,Total,725501,KwaZulu-Natal,31.5370003,31.5370003
2015,AUDA,DC30,Gert Sibande,Total,42989374,KwaZulu-Natal,31.1710389,31.1710389
2015,AUDA,DC31,Nkangala,Total,24870575,Western Cape,19.7591675,19.7591675
2015,AUDA,DC32,Ehlanzeni,Total,47924306,Mpumalanga,29.9740534,29.9740534
2015,AUDA,DC33,Mopani,Total,900999697,Mpumalanga,29.6035495,29.6035495
2015,AUDA,DC34,Vhembe,Total,16346471,Mpumalanga,31.2626366,31.2626366
2015,AUDA,DC35,Capricorn,Total,256850416,Limpopo,30.7160431,30.7160431
2015,AUDA,DC36,Waterberg,Total,10843410,Limpopo,29.9740534,29.9740534
2015,AUDA,DC37,Bojanala,Total,52116550,Limpopo,29.2320784,29.2320784
2015,AUDA,DC38,Ngaka Modiri Molema,Total,324489161,Limpopo,28.299435,28.299435
2015,AUDA,DC4,Eden,Total,23191545,North West,27.3616476,27.3616476
2015,AUDA,DC40,Dr Kenneth Kaunda,Total,0,North West,25.8521764,25.8521764
2015,AUDA,DC42,Sedibeng,Total,89113331,Western Cape,22.047637,22.047637
2015,AUDA,DC43,Harry Gwala,Total,37740,North West,26.5137964,26.5137964
2015,AUDA,DC44,Alfred Nzo,Total,16425756,Gauteng,28.2058768,28.2058768
2015,AUDA,DC45,John Taolo Gaetsewe,Total,6353963,KwaZulu-Natal,29.6035495,29.6035495
2015,AUDA,DC47,Sekhukhune,Total,201144049,Eastern Cape,28.8596804,28.8596804
2015,AUDA,DC48,West Rand,Total,2830241,Northern Cape,23.1918021,23.1918021
2015,AUDA,DC5,Central Karoo,Total,4736720,Limpopo,29.9740534,29.9740534
2015,AUDA,DC6,Namakwa,Total,1147941,Gauteng,27.4556388,27.4556388
2015,AUDA,DC7,Pixley ka Seme,Total,6572319,Western Cape,22.2384017,22.2384017
2015,AUDA,DC8,Z F Mgcawu,Total,2694414,Northern Cape,19.949686,19.949686
2015,AUDA,DC9,Frances Baard,Total,11712931,Northern Cape,23.3823545,23.3823545
2015,AUDA,EC101,Dr Beyers Naude,Total,14415760,Northern Cape,21.246215,21.246215
2015,AUDA,EC102,Blue Crane Route,Total,13349853,Northern Cape,24.3341432,24.3341432
2015,AUDA,EC104,Makana,Total,134972225,Eastern Cape,24.371068,24.371068
2015,AUDA,EC105,Ndlambe,Total,141266870,Eastern Cape,24.3341432,24.3341432
2015,AUDA,EC106,Sundays River Valley,Total,27618427,Eastern Cape,25.4733554,25.4733554
2015,AUDA,EC107,Baviaans,Total,24243566,Eastern Cape,26.3249438,26.3249438
2015,AUDA,EC108,Kouga,Total,88785595,Eastern Cape,26.749645,26.749645
2015,AUDA,EC109,Kou-Kamma,Total,28483078,Eastern Cape,25.5681084,25.5681084
2015,AUDA,EC121,Mbhashe,Total,14252771,Eastern Cape,24.0488007,24.0488007
2015,AUDA,EC122,Mnquma,Total,9448877,Eastern Cape,24.8092691,24.8092691
2015,AUDA,EC123,Great Kei,Total,15902308,Eastern Cape,24.0488007,24.0488007
2015,AUDA,EC124,Amahlathi,Total,6545764,Eastern Cape,28.7664408,28.7664408
2015,AUDA,EC126,Ngqushwa,Total,31167579,Eastern Cape,28.0186087,28.0186087
2015,AUDA,EC127,Nkonkobe,Total,79179106,Eastern Cape,27.9717606,27.9717606
2015,AUDA,EC128,Nxuba,Total,69148402,Eastern Cape,27.2676116,27.2676116
2015,AUDA,EC131,Inxuba Yethemba,Total,3717537,Eastern Cape,27.2676116,27.2676116
2015,AUDA,EC132,Tsolwana,Total,5072455,Eastern Cape,26.8329144,26.8329144
2015,AUDA,EC134,Lukanji,Total,38756414,Eastern Cape,26.3249438,26.3249438
2015,AUDA,EC135,Intsika Yethu,Total,42069146,Eastern Cape,25.3785719,25.3785719
2015,AUDA,EC136,Emalahleni,Total,15803079,Eastern Cape,26.1359431,26.1359431
2015,AUDA,EC137,Engcobo,Total,9746606,Eastern Cape,26.8910342,26.8910342
2015,AUDA,EC138,Sakhisizwe,Total,6224897,Eastern Cape,27.6434844,27.6434844
2015,AUDA,EC141,Elundini,Total,38746221,Eastern Cape,29.2553229,29.2553229
2015,AUDA,EC142,Senqu,Total,1172783,Eastern Cape,27.9834738,27.9834738
2015,AUDA,EC143,Maletswai,Total,76666439,Eastern Cape,27.8311428,27.8311428
2015,AUDA,EC144,Gariep,Total,78115817,Eastern Cape,28.3929417,28.3929417
2015,AUDA,EC153,Ngquza Hill,Total,0,Eastern Cape,27.6434844,27.6434844
2015,AUDA,EC154,Port St Johns,Total,6493998,Eastern Cape,26.8910342,26.8910342
2015,AUDA,EC156,Mhlontlo,Total,9761222,Eastern Cape,25.8521764,25.8521764
2015,AUDA,EC157,King Sabata Dalindyebo,Total,105128538,Eastern Cape,29.6962677,29.6962677
2015,AUDA,EC441,Matatiele,Total,17444988,Eastern Cape,29.5457058,29.5457058
2015,AUDA,EC442,Umzimvubu,Total,2531103,Eastern Cape,28.8130675,28.8130675
2015,AUDA,EC443,Mbizana,Total,47663338,Eastern Cape,28.5797981,28.5797981
2015,AUDA,EKU,Ekurhuleni,Total,5345408999,Eastern Cape,28.7664408,28.7664408
2015,AUDA,FS161,Letsemeng,Total,9483241,Eastern Cape,28.9528645,28.9528645
2015,AUDA,FS162,Kopanong,Total,176751746,Eastern Cape,29.8566142,29.8566142
2015,AUDA,FS163,Mohokare,Total,30675799,Gauteng,28.3461948,28.3461948
2015,AUDA,FS164,Naledi,Total,7225067,Free State,25.094045,25.094045
2015,AUDA,FS181,Masilonyana,Total,39282090,Free State,25.4733554,25.4733554
2015,AUDA,FS182,Tokologo,Total,24887462,Free State,26.9852422,26.9852422
2015,AUDA,FS183,Tswelopele,Total,24877063,Free State,24.7142918,24.7142918
2015,AUDA,FS184,Matjhabeng,Total,1947134003,Free State,26.6081653,26.6081653
2015,AUDA,FS185,Nala,Total,231729358,Free State,25.4733554,25.4733554
2015,AUDA,FS191,Setsoto,Total,52922873,Free State,25.9467997,25.9467997
2015,AUDA,FS192,Dihlabeng,Total,76046457,Free State,26.8910342,26.8910342
2015,AUDA,FS193,Nketoana,Total,79171535,Free State,26.5137964,26.5137964
2015,AUDA,FS194,Maluti a Phofung,Total,952319573,Free State,27.6434844,27.6434844
2015,AUDA,FS195,Phumelela,Total,72256235,Free State,28.2058768,28.2058768
2015,AUDA,FS196,Mantsopa,Total,71673659,Free State,28.4318311,28.4318311
2015,AUDA,FS203,Ngwathe,Total,439913960,Free State,28.9528645,28.9528645
2015,AUDA,FS204,Metsimaholo,Total,194486040,Free State,29.2320784,29.2320784
2015,AUDA,FS205,Mafube,Total,274867634,Free State,27.2676116,27.2676116
2015,AUDA,GT421,Emfuleni,Total,690443636,Free State,27.7373373,27.7373373
2015,AUDA,GT422,Midvaal,Total,39903749,Free State,27.8277881,27.8277881
2015,AUDA,GT423,Lesedi,Total,67910892,Free State,28.5797981,28.5797981
2015,AUDA,GT481,Mogale City,Total,340413389,Gauteng,27.784246,27.784246
2015,AUDA,GT482,Randfontein,Total,210121576,Gauteng,28.0654445,28.0654445
2015,AUDA,GT484,Merafong City,Total,330534930,Gauteng,28.4396756,28.4396756
2015,AUDA,JHB,City of Johannesburg,Total,11207341002,Gauteng,27.5965403,27.5965403
2015,AUDA,KZN211,Vulamehlo,Total,6561895,Gauteng,27.6786847,27.6786847
2015,AUDA,KZN212,Umdoni,Total,36508587,Gauteng,27.4086488,27.4086488
2015,AUDA,KZN213,Umzumbe,Total,547437,Gauteng,27.9717606,27.9717606
2015,AUDA,KZN214,uMuziwabantu,Total,1150027,KwaZulu-Natal,30.5739579,30.5739579
2015,AUDA,KZN215,Ezingoleni,Total,4370299,KwaZulu-Natal,30.6890055,30.6890055
2015,AUDA,KZN216,Ray Nkonyeni,Total,112236136,KwaZulu-Natal,30.5928401,30.5928401
2015,AUDA,KZN221,uMshwathi,Total,4247415,KwaZulu-Natal,29.9277947,29.9277947
2015,AUDA,KZN222,uMngeni,Total,973412,KwaZulu-Natal,30.182022,30.182022
2015,AUDA,KZN223,Mpofana,Total,364210,KwaZulu-Natal,30.3639319,30.3639319
2015,AUDA,KZN224,Impendle,Total,0,KwaZulu-Natal,30.3204873,30.3204873
2015,AUDA,KZN225,The Msunduzi,Total,639040005,KwaZulu-Natal,30.5743164,30.5743164
2015,AUDA,KZN226,Mkhambathini,Total,2721602,KwaZulu-Natal,30.112735,30.112735
2015,AUDA,KZN232,Emnambithi/Ladysmith,Total,242470767,KwaZulu-Natal,30.112735,30.112735
2015,AUDA,KZN233,Indaka,Total,7671372,KwaZulu-Natal,29.8352303,29.8352303
2015,AUDA,KZN234,Umtshezi,Total,45192664,KwaZulu-Natal,30.3824842,30.3824842
2015,AUDA,KZN235,Okhahlamba,Total,11981269,KwaZulu-Natal,30.5739579,30.5739579
2015,AUDA,KZN236,Imbabazane,Total,9000,KwaZulu-Natal,29.7807856,29.7807856
2015,AUDA,KZN241,Endumeni,Total,22861819,KwaZulu-Natal,30.107222,30.107222
2015,AUDA,KZN242,Nqutu,Total,19404903,KwaZulu-Natal,30.0202964,30.0202964
2015,AUDA,KZN244,Msinga,Total,10700633,KwaZulu-Natal,29.3250347,29.3250347
2015,AUDA,KZN245,Umvoti,Total,28346391,KwaZulu-Natal,29.6864574,29.6864574
2015,AUDA,KZN252,Newcastle,Total,646503521,KwaZulu-Natal,30.2343393,30.2343393
2015,AUDA,KZN253,Emadlangeni,Total,6198696,KwaZulu-Natal,30.6746303,30.6746303
2015,AUDA,KZN254,Dannhauser,Total,9521748,KwaZulu-Natal,30.4357631,30.4357631
2015,AUDA,KZN263,Abaqulusi,Total,48143324,KwaZulu-Natal,30.6199895,30.6199895
2015,AUDA,KZN265,Nongoma,Total,2763188,KwaZulu-Natal,29.9971769,29.9971769
2015,AUDA,KZN266,Ulundi,Total,96498673,KwaZulu-Natal,30.315775,30.315775
2015,AUDA,KZN271,Umhlabuyalingana,Total,2002073,KwaZulu-Natal,30.0202964,30.0202964
2015,AUDA,KZN272,Jozini,Total,9487570,KwaZulu-Natal,30.9876321,30.9876321
2015,AUDA,KZN273,The Big 5 False Bay,Total,6428665,KwaZulu-Natal,31.7195459,31.7195459
2015,AUDA,KZN274,Hlabisa,Total,9523838,KwaZulu-Natal,31.442761,31.442761
2015,AUDA,KZN275,Mtubatuba,Total,5324730,KwaZulu-Natal,32.4467238,32.4467238
2015,AUDA,KZN281,Mfolozi,Total,18929593,KwaZulu-Natal,32.0650697,32.0650697
2015,AUDA,KZN282,uMhlathuze,Total,357815969,KwaZulu-Natal,32.3107517,32.3107517
2015,AUDA,KZN283,Ntambanana,Total,1264539,KwaZulu-Natal,31.8648002,31.8648002
2015,AUDA,KZN284,uMlalazi,Total,283514888,KwaZulu-Natal,32.2880726,32.2880726
2015,AUDA,KZN285,Mthonjaneni,Total,207732,KwaZulu-Natal,32.259717,32.259717
2015,AUDA,KZN286,Nkandla,Total,14232222,KwaZulu-Natal,31.947311,31.947311
2015,AUDA,KZN291,Mandeni,Total,2266414,KwaZulu-Natal,31.7394939,31.7394939
2015,AUDA,KZN292,KwaDukuza,Total,179194418,KwaZulu-Natal,31.4913182,31.4913182
2015,AUDA,KZN293,Ndwedwe,Total,3023234,KwaZulu-Natal,31.3998995,31.3998995
2015,AUDA,KZN294,Maphumulo,Total,15954411,KwaZulu-Natal,31.0894002,31.0894002
2015,AUDA,KZN432,Kwa Sani,Total,3327066,KwaZulu-Natal,31.4684703,31.4684703
2015,AUDA,KZN433,Greater Kokstad,Total,943000,KwaZulu-Natal,31.2892229,31.2892229
2015,AUDA,KZN434,Ubuhlebezwe,Total,14317385,KwaZulu-Natal,30.9417368,30.9417368
2015,AUDA,KZN435,Umzimkhulu,Total,191193021,KwaZulu-Natal,31.03351,31.03351
2015,AUDA,LIM332,Greater Letaba,Total,8401522,KwaZulu-Natal,29.5107708,29.5107708
2015,AUDA,LIM333,Greater Tzaneen,Total,8524719,KwaZulu-Natal,29.3714909,29.3714909
2015,AUDA,LIM334,Ba-Phalaborwa,Total,363621375,KwaZulu-Natal,30.0665236,30.0665236
2015,AUDA,LIM335,Maruleng,Total,149734,KwaZulu-Natal,29.6962677,29.6962677
2015,AUDA,LIM341,Musina,Total,66420772,Limpopo,30.2974199,30.2974199
2015,AUDA,LIM342,Mutale,Total,11398148,Limpopo,30.0665236,30.0665236
2015,AUDA,LIM343,Thulamela,Total,4251804,Limpopo,31.1406753,31.1406753
2015,AUDA,LIM344,Makhado,Total,137656320,Limpopo,30.9576681,30.9576681
2015,AUDA,LIM351,Blouberg,Total,10517796,Limpopo,29.6962677,29.6962677
2015,AUDA,LIM352,Aganang,Total,15866552,Limpopo,30.8039474,30.8039474
2015,AUDA,LIM353,Molemole,Total,6628149,Limpopo,30.6199895,30.6199895
2015,AUDA,LIM354,Polokwane,Total,156237215,Limpopo,29.9070436,29.9070436
2015,AUDA,LIM355,Lepele-Nkumpi,Total,30114253,Limpopo,28.9950702,28.9950702
2015,AUDA,LIM361,Thabazimbi,Total,274787721,Limpopo,29.0925356,29.0925356
2015,AUDA,LIM362,Lephalale,Total,0,Limpopo,29.6962677,29.6962677
2015,AUDA,LIM364,Mookgopong,Total,61471397,Limpopo,29.4485367,29.4485367
2015,AUDA,LIM365,Modimolle,Total,27529672,Limpopo,29.6499162,29.6499162
2015,AUDA,LIM366,Bela-Bela,Total,29559588,Limpopo,27.3616476,27.3616476
2015,AUDA,LIM471,Ephraim Mogale,Total,18326069,Limpopo,27.7373373,27.7373373
2015,AUDA,LIM472,Elias Motsoaledi,Total,0,Limpopo,28.7664408,28.7664408
2015,AUDA,LIM473,Makhuduthamaga,Total,31379194,Limpopo,28.2058768,28.2058768
2015,AUDA,LIM474,Fetakgomo,Total,2558704,Limpopo,28.2526623,28.2526623
2015,AUDA,LIM475,Greater Tubatse,Total,52402609,Limpopo,29.3250347,29.3250347
2015,AUDA,MAN,Mangaung,Total,490683267,Limpopo,29.3949458,29.3949458
2015,AUDA,MP301,Chief Albert Luthuli,Total,55526518,Limpopo,29.8352303,29.8352303
2015,AUDA,MP302,Msukaligwa,Total,358977331,Limpopo,29.8352303,29.8352303
2015,AUDA,MP303,Mkhondo,Total,149928499,Limpopo,30.2512728,30.2512728
2015,AUDA,MP304,Dr Pixley Ka Isaka Seme,Total,29293576,Free State,26.3249438,26.3249438
2015,AUDA,MP305,Lekwa,Total,477129312,Mpumalanga,30.3325113,30.3325113
2015,AUDA,MP306,Dipaleseng,Total,29908718,Mpumalanga,30.0665236,30.0665236
2015,AUDA,MP307,Govan Mbeki,Total,295763094,Mpumalanga,30.6199895,30.6199895
2015,AUDA,MP311,Victor Khanye,Total,11248797,Mpumalanga,29.8815203,29.8815203
2015,AUDA,MP312,Emalahleni,Total,1329983184,Mpumalanga,29.3250347,29.3250347
2015,AUDA,MP314,Emakhazeni,Total,70747985,Mpumalanga,28.5797981,28.5797981
2015,AUDA,MP315,Thembisile,Total,4801934,Mpumalanga,29.1390642,29.1390642
2015,AUDA,MP321,Thaba Chweu,Total,402060682,Mpumalanga,28.8130675,28.8130675
2015,AUDA,MP322,Mbombela,Total,619129251,Mpumalanga,29.2553229,29.2553229
2015,AUDA,MP323,Umjindi,Total,25818547,Mpumalanga,30.0665236,30.0665236
2015,AUDA,MP324,Nkomazi,Total,196873719,Mpumalanga,28.9062794,28.9062794
2015,AUDA,MP325,Bushbuckridge,Total,496675963,Mpumalanga,30.7791913,30.7791913
2015,AUDA,NC061,Richtersveld,Total,2337248,Mpumalanga,31.03351,31.03351
2015,AUDA,NC062,Nama Khoi,Total,134448497,Mpumalanga,31.7195459,31.7195459
2015,AUDA,NC064,Kamiesberg,Total,31774774,Mpumalanga,31.1710389,31.1710389
2015,AUDA,NC065,Hantam,Total,6828017,Northern Cape,17.1011931,17.1011931
2015,AUDA,NC066,Karoo Hoogland,Total,7522523,Northern Cape,17.8583868,17.8583868
2015,AUDA,NC067,Khâi-Ma,Total,12520833,Northern Cape,17.8583868,17.8583868
2015,AUDA,NC071,Ubuntu,Total,18136681,Northern Cape,19.949686,19.949686
2015,AUDA,NC072,Umsobomvu,Total,21930343,Northern Cape,20.902977,20.902977
2015,AUDA,NC073,Emthanjeni,Total,20842446,Northern Cape,19.237649,19.237649
2015,AUDA,NC074,Kareeberg,Total,0,Northern Cape,23.1918021,23.1918021
2015,AUDA,NC075,Renosterberg,Total,34186526,Northern Cape,24.9991464,24.9991464
2015,AUDA,NC076,Thembelihle,Total,28181746,Northern Cape,24.0087533,24.0087533
2015,AUDA,NC078,Siyancuma,Total,43425640,Northern Cape,22.047637,22.047637
2015,AUDA,NC081,Mier,Total,8416411,Northern Cape,24.3341432,24.3341432
2015,AUDA,NC082,Kai !Garib,Total,111053338,Northern Cape,23.8584737,23.8584737
2015,AUDA,NC083,//Khara Hais,Total,92484867,Northern Cape,23.4776098,23.4776098
2015,AUDA,NC084,!Kheis,Total,5968584,Northern Cape,20.2832217,20.2832217
2015,AUDA,NC085,Tsantsabane,Total,93264195,Northern Cape,20.9759699,20.9759699
2015,AUDA,NC086,Kgatelopele,Total,19682506,Northern Cape,21.242665,21.242665
2015,AUDA,NC091,Sol Plaatjie,Total,85467123,Northern Cape,21.6660725,21.6660725
2015,AUDA,NC093,Magareng,Total,54442190,Northern Cape,23.1918021,23.1918021
2015,AUDA,NC094,Phokwane,Total,30722371,Northern Cape,23.6680747,23.6680747
2015,AUDA,NC451,Joe Morolong,Total,40151494,Northern Cape,24.6667939,24.6667939
2015,AUDA,NC452,Ga-Segonyana,Total,46290363,Northern Cape,24.7617836,24.7617836
2015,AUDA,NC453,Gamagara,Total,1086573,Northern Cape,24.7617836,24.7617836
2015,AUDA,NMA,Nelson Mandela Bay,Total,1617654616,Northern Cape,23.287085,23.287085
2015,AUDA,NW371,Moretele,Total,36674699,Northern Cape,23.4776098,23.4776098
2015,AUDA,NW372,Local Municipality of Madibeng,Total,414771113,Northern Cape,23.0488541,23.0488541
2015,AUDA,NW374,Kgetlengrivier,Total,51810957,Eastern Cape,25.5681084,25.5681084
2015,AUDA,NW375,Moses Kotane,Total,57711009,North West,27.9717606,27.9717606
2015,AUDA,NW382,Tswaing,Total,114864242,North West,27.8311428,27.8311428
2015,AUDA,NW383,Mafikeng,Total,311366155,North West,26.8910342,26.8910342
2015,AUDA,NW384,Ditsobotla,Total,213380529,North West,26.8910342,26.8910342
2015,AUDA,NW385,Ramotshere Moiloa,Total,11568055,North West,25.7575196,25.7575196
2015,AUDA,NW392,Naledi,Total,263771460,North West,25.5681084,25.5681084
2015,AUDA,NW393,Mamusa,Total,74057717,North West,26.1359431,26.1359431
2015,AUDA,NW394,Greater Taung,Total,44043,North West,26.10005,26.10005
2015,AUDA,NW396,Lekwa-Teemane,Total,164574070,North West,24.7142918,24.7142918
2015,AUDA,NW397,Kagisano/Molopo,Total,14003970,North West,25.3785719,25.3785719
2015,AUDA,NW401,Ventersdorp,Total,109485482,North West,24.2390498,24.2390498
2015,AUDA,NW403,City of Matlosana,Total,308263105,North West,25.3785719,25.3785719
2015,AUDA,TSH,City of Tshwane,Total,5695207622,North West,23.9536466,23.9536466
2015,AUDA,WC011,Matzikama,Total,23642032,North West,26.8910342,26.8910342
2015,AUDA,WC012,Cederberg,Total,77293947,North West,26.5137964,26.5137964
2015,AUDA,WC013,Bergrivier,Total,16535852,Gauteng,28.3929417,28.3929417
2015,AUDA,WC014,Saldanha Bay,Total,98752660,Western Cape,18.5225709,18.5225709
2015,AUDA,WC015,Swartland,Total,72733020,Western Cape,19.0118251,19.0118251
2015,AUDA,WC022,Witzenberg,Total,14911589,Western Cape,18.7125791,18.7125791
2015,AUDA,WC023,Drakenstein,Total,197786673,Western Cape,18.1903059,18.1903059
2015,AUDA,WC024,Stellenbosch,Total,182204658,Western Cape,18.6624903,18.6624903
2015,AUDA,WC025,Breede Valley,Total,75035428,Western Cape,19.2831531,19.2831531
2015,AUDA,WC026,Langeberg,Total,42063267,Western Cape,19.04532,19.04532
2015,AUDA,WC031,Theewaterskloof,Total,48646072,Western Cape,18.9502232,18.9502232
2015,AUDA,WC032,Overstrand,Total,25756487,Western Cape,19.4735066,19.4735066
2015,AUDA,WC033,Cape Agulhas,Total,10482360,Western Cape,27.812138,27.812138
2015,AUDA,WC034,Swellendam,Total,22212661,Western Cape,19.4252453,19.4252453
2015,AUDA,WC042,Hessequa,Total,38562580,Western Cape,19.4259114,19.4259114
2015,AUDA,WC043,Mossel Bay,Total,18478444,Western Cape,20.0449662,20.0449662
2015,AUDA,WC044,George,Total,37089254,Western Cape,20.7185132,20.7185132
2015,AUDA,WC045,Oudtshoorn,Total,64090796,Western Cape,21.1891151,21.1891151
2015,AUDA,WC047,Bitou,Total,11111819,Western Cape,21.9045541,21.9045541
2015,AUDA,WC048,Knysna,Total,54678818,Western Cape,22.4768287,22.4768287
2015,AUDA,WC051,Laingsburg,Total,0,Western Cape,22.1430215,22.1430215
2015,AUDA,WC052,Prince Albert,Total,3133131,Western Cape,23.429984,23.429984
2015,AUDA,WC053,Beaufort West,Total,32891608,Western Cape,23.049842,23.049842
2016,AUDA,BUF,Buffalo City,Total By Income Source,1788342133,Western Cape,20.902977,20.902977
2016,AUDA,BUF,Buffalo City,Total By Customer Group,1788342133,Western Cape,22.047637,22.047637
2016,AUDA,CPT,City of Cape Town,Total By Income Source,7289542629,Western Cape,22.8105512,22.8105512
2016,AUDA,CPT,City of Cape Town,Total By Customer Group,7289542629,Eastern Cape,27.6434844,27.6434844
2016,AUDA,DC1,West Coast,Total By Income Source,3981143,Eastern Cape,27.6434844,27.6434844
2016,AUDA,DC1,West Coast,Total By Customer Group,3981143,Western Cape,18.4680927,18.4680927
2016,AUDA,DC10,Cacadu,Total By Income Source,3210924,Western Cape,18.4680927,18.4680927
2016,AUDA,DC10,Cacadu,Total By Customer Group,3210924,Western Cape,18.6175626,18.6175626
2016,AUDA,DC12,Amathole,Total By Income Source,590715390,Western Cape,18.6175626,18.6175626
2016,AUDA,DC12,Amathole,Total By Customer Group,590715390,Eastern Cape,25.6223644,25.6223644
2016,AUDA,DC13,Chris Hani,Total By Income Source,975205668,Eastern Cape,25.6223644,25.6223644
2016,AUDA,DC13,Chris Hani,Total By Customer Group,975205668,Eastern Cape,27.3616476,27.3616476
2016,AUDA,DC14,Joe Gqabi,Total By Income Source,237831481,Eastern Cape,27.3616476,27.3616476
2016,AUDA,DC14,Joe Gqabi,Total By Customer Group,237831480,Eastern Cape,26.7967849,26.7967849
2016,AUDA,DC15,O.R.Tambo,Total By Income Source,545433266,Eastern Cape,26.7967849,26.7967849
2016,AUDA,DC15,O.R.Tambo,Total By Customer Group,545433266,Eastern Cape,26.9852422,26.9852422
2016,AUDA,DC16,Xhariep,Total By Income Source,2432547,Eastern Cape,26.9852422,26.9852422
2016,AUDA,DC16,Xhariep,Total By Customer Group,2432547,Eastern Cape,29.2320784,29.2320784
2016,AUDA,DC18,Lejweleputswa,Total By Income Source,743099,Eastern Cape,29.2320784,29.2320784
2016,AUDA,DC18,Lejweleputswa,Total By Customer Group,743099,Free State,25.2837585,25.2837585
2016,AUDA,DC19,Thabo Mofutsanyane,Total By Income Source,1501678,Free State,25.2837585,25.2837585
2016,AUDA,DC19,Thabo Mofutsanyane,Total By Customer Group,1501678,Free State,26.2304616,26.2304616
2016,AUDA,DC2,Cape Winelands,Total By Income Source,2347233,Free State,26.2304616,26.2304616
2016,AUDA,DC2,Cape Winelands,Total By Customer Group,2347233,Free State,28.299435,28.299435
2016,AUDA,DC20,Fezile Dabi,Total By Income Source,0,Free State,28.299435,28.299435
2016,AUDA,DC20,Fezile Dabi,Total By Customer Group,0,Western Cape,19.7591675,19.7591675
2016,AUDA,DC21,Ugu,Total By Income Source,59351120,Western Cape,19.7591675,19.7591675
2016,AUDA,DC21,Ugu,Total By Customer Group,59351120,Free State,27.7373373,27.7373373
2016,AUDA,DC22,Umgungundlovu,Total By Income Source,327013620,Free State,27.7373373,27.7373373
2016,AUDA,DC22,Umgungundlovu,Total By Customer Group,327013620,KwaZulu-Natal,30.2512728,30.2512728
2016,AUDA,DC23,Uthukela,Total By Income Source,143673170,KwaZulu-Natal,30.2512728,30.2512728
2016,AUDA,DC23,Uthukela,Total By Customer Group,143673170,KwaZulu-Natal,30.3435506,30.3435506
2016,AUDA,DC24,Umzinyathi,Total By Income Source,294308794,KwaZulu-Natal,30.3435506,30.3435506
2016,AUDA,DC24,Umzinyathi,Total By Customer Group,294308794,KwaZulu-Natal,29.6035495,29.6035495
2016,AUDA,DC25,Amajuba,Total By Income Source,33301635,KwaZulu-Natal,29.6035495,29.6035495
2016,AUDA,DC25,Amajuba,Total By Customer Group,33301637,KwaZulu-Natal,30.6199895,30.6199895
2016,AUDA,DC26,Zululand,Total By Income Source,72199357,KwaZulu-Natal,30.6199895,30.6199895
2016,AUDA,DC26,Zululand,Total By Customer Group,72199357,KwaZulu-Natal,30.0665236,30.0665236
2016,AUDA,DC27,Umkhanyakude,Total By Income Source,82330807,KwaZulu-Natal,30.0665236,30.0665236
2016,AUDA,DC27,Umkhanyakude,Total By Customer Group,82330807,KwaZulu-Natal,31.4456179,31.4456179
2016,AUDA,DC28,Uthungulu,Total By Income Source,65584052,KwaZulu-Natal,31.4456179,31.4456179
2016,AUDA,DC28,Uthungulu,Total By Customer Group,65584052,KwaZulu-Natal,32.5372741,32.5372741
2016,AUDA,DC29,iLembe,Total By Income Source,253452572,KwaZulu-Natal,32.5372741,32.5372741
2016,AUDA,DC29,iLembe,Total By Customer Group,253452572,KwaZulu-Natal,31.5370003,31.5370003
2016,AUDA,DC3,Overberg,Total By Income Source,1703367,KwaZulu-Natal,31.5370003,31.5370003
2016,AUDA,DC3,Overberg,Total By Customer Group,1703367,KwaZulu-Natal,31.1710389,31.1710389
2016,AUDA,DC31,Nkangala,Total By Income Source,143786,KwaZulu-Natal,31.1710389,31.1710389
2016,AUDA,DC31,Nkangala,Total By Customer Group,143786,Western Cape,19.7591675,19.7591675
2016,AUDA,DC32,Ehlanzeni,Total By Income Source,-166548,Western Cape,19.7591675,19.7591675
2016,AUDA,DC32,Ehlanzeni,Total By Customer Group,-166548,Mpumalanga,29.6035495,29.6035495
2016,AUDA,DC33,Mopani,Total By Income Source,805616297,Mpumalanga,29.6035495,29.6035495
2016,AUDA,DC33,Mopani,Total By Customer Group,805616297,Mpumalanga,31.2626366,31.2626366
2016,AUDA,DC34,Vhembe,Total By Income Source,409332744,Mpumalanga,31.2626366,31.2626366
2016,AUDA,DC34,Vhembe,Total By Customer Group,409332744,Limpopo,30.7160431,30.7160431
2016,AUDA,DC35,Capricorn,Total By Income Source,158413877,Limpopo,30.7160431,30.7160431
2016,AUDA,DC35,Capricorn,Total By Customer Group,158413877,Limpopo,29.9740534,29.9740534
2016,AUDA,DC37,Bojanala,Total By Income Source,5045966,Limpopo,29.9740534,29.9740534
2016,AUDA,DC37,Bojanala,Total By Customer Group,5045966,Limpopo,29.2320784,29.2320784
2016,AUDA,DC38,Ngaka Modiri Molema,Total By Income Source,162878329,Limpopo,29.2320784,29.2320784
2016,AUDA,DC38,Ngaka Modiri Molema,Total By Customer Group,162878329,North West,27.3616476,27.3616476
2016,AUDA,DC39,Dr Ruth Segomotsi Mompati,Total By Income Source,21269975,North West,27.3616476,27.3616476
2016,AUDA,DC39,Dr Ruth Segomotsi Mompati,Total By Customer Group,21269975,North West,25.8521764,25.8521764
2016,AUDA,DC4,Eden,Total By Income Source,13158933,North West,25.8521764,25.8521764
2016,AUDA,DC4,Eden,Total By Customer Group,13158933,North West,24.3341432,24.3341432
2016,AUDA,DC40,Dr Kenneth Kaunda,Total By Income Source,12937889,North West,24.3341432,24.3341432
2016,AUDA,DC40,Dr Kenneth Kaunda,Total By Customer Group,12937889,Western Cape,22.047637,22.047637
2016,AUDA,DC43,Harry Gwala,Total By Income Source,143664834,Western Cape,22.047637,22.047637
2016,AUDA,DC43,Harry Gwala,Total By Customer Group,143664836,North West,26.5137964,26.5137964
2016,AUDA,DC44,Alfred Nzo,Total By Income Source,117084057,North West,26.5137964,26.5137964
2016,AUDA,DC44,Alfred Nzo,Total By Customer Group,117084057,KwaZulu-Natal,29.6035495,29.6035495
2016,AUDA,DC45,John Taolo Gaetsewe,Total By Income Source,16397181,KwaZulu-Natal,29.6035495,29.6035495
2016,AUDA,DC45,John Taolo Gaetsewe,Total By Customer Group,16397181,Eastern Cape,28.8596804,28.8596804
2016,AUDA,DC47,Sekhukhune,Total By Income Source,126113393,Eastern Cape,28.8596804,28.8596804
2016,AUDA,DC47,Sekhukhune,Total By Customer Group,126113393,Northern Cape,23.1918021,23.1918021
2016,AUDA,DC48,West Rand,Total By Income Source,31335623,Northern Cape,23.1918021,23.1918021
2016,AUDA,DC48,West Rand,Total By Customer Group,31335623,Limpopo,29.9740534,29.9740534
2016,AUDA,DC5,Central Karoo,Total By Income Source,621848,Limpopo,29.9740534,29.9740534
2016,AUDA,DC5,Central Karoo,Total By Customer Group,621848,Gauteng,27.4556388,27.4556388
2016,AUDA,DC6,Namakwa,Total By Income Source,15085867,Gauteng,27.4556388,27.4556388
2016,AUDA,DC6,Namakwa,Total By Customer Group,15085867,Western Cape,22.2384017,22.2384017
2016,AUDA,DC7,Pixley ka Seme,Total By Income Source,0,Western Cape,22.2384017,22.2384017
2016,AUDA,DC7,Pixley ka Seme,Total By Customer Group,0,Northern Cape,19.949686,19.949686
2016,AUDA,DC8,Z F Mgcawu,Total By Income Source,1448747,Northern Cape,19.949686,19.949686
2016,AUDA,DC8,Z F Mgcawu,Total By Customer Group,1448747,Northern Cape,23.3823545,23.3823545
2016,AUDA,DC9,Frances Baard,Total By Income Source,7151781,Northern Cape,23.3823545,23.3823545
2016,AUDA,DC9,Frances Baard,Total By Customer Group,7151781,Northern Cape,21.246215,21.246215
2016,AUDA,EC101,Dr Beyers Naude,Total By Income Source,75287978,Northern Cape,21.246215,21.246215
2016,AUDA,EC101,Dr Beyers Naude,Total By Customer Group,75287978,Northern Cape,24.3341432,24.3341432
2016,AUDA,EC102,Blue Crane Route,Total By Income Source,49090092,Northern Cape,24.3341432,24.3341432
2016,AUDA,EC102,Blue Crane Route,Total By Customer Group,49090092,Eastern Cape,24.371068,24.371068
2016,AUDA,EC104,Makana,Total By Income Source,336599446,Eastern Cape,24.3341432,24.3341432
2016,AUDA,EC104,Makana,Total By Customer Group,336599446,Eastern Cape,24.371068,24.371068
2016,AUDA,EC105,Ndlambe,Total By Income Source,92981390,Eastern Cape,24.3341432,24.3341432
2016,AUDA,EC105,Ndlambe,Total By Customer Group,92981390,Eastern Cape,25.4733554,25.4733554
2016,AUDA,EC106,Sundays River Valley,Total By Income Source,196658336,Eastern Cape,25.4733554,25.4733554
2016,AUDA,EC106,Sundays River Valley,Total By Customer Group,196658336,Eastern Cape,26.3249438,26.3249438
2016,AUDA,EC108,Kouga,Total By Income Source,176489373,Eastern Cape,26.3249438,26.3249438
2016,AUDA,EC108,Kouga,Total By Customer Group,176489373,Eastern Cape,26.749645,26.749645
2016,AUDA,EC109,Kou-Kamma,Total By Income Source,88476476,Eastern Cape,26.749645,26.749645
2016,AUDA,EC109,Kou-Kamma,Total By Customer Group,88476479,Eastern Cape,25.5681084,25.5681084
2016,AUDA,EC121,Mbhashe,Total By Income Source,29209715,Eastern Cape,25.5681084,25.5681084
2016,AUDA,EC121,Mbhashe,Total By Customer Group,29209715,Eastern Cape,24.8092691,24.8092691
2016,AUDA,EC124,Amahlathi,Total By Income Source,32037608,Eastern Cape,24.8092691,24.8092691
2016,AUDA,EC124,Amahlathi,Total By Customer Group,32037608,Eastern Cape,24.0488007,24.0488007
2016,AUDA,EC126,Ngqushwa,Total By Income Source,33685924,Eastern Cape,24.0488007,24.0488007
2016,AUDA,EC126,Ngqushwa,Total By Customer Group,33685924,Eastern Cape,28.7664408,28.7664408
2016,AUDA,EC131,Inxuba Yethemba,Total By Income Source,17820643,Eastern Cape,28.7664408,28.7664408
2016,AUDA,EC131,Inxuba Yethemba,Total By Customer Group,17820643,Eastern Cape,27.2676116,27.2676116
2016,AUDA,EC136,Emalahleni,Total By Income Source,59459334,Eastern Cape,27.2676116,27.2676116
2016,AUDA,EC136,Emalahleni,Total By Customer Group,59459334,Eastern Cape,27.2676116,27.2676116
2016,AUDA,EC137,Engcobo,Total By Income Source,19945447,Eastern Cape,27.2676116,27.2676116
2016,AUDA,EC137,Engcobo,Total By Customer Group,19945447,Eastern Cape,25.3785719,25.3785719
2016,AUDA,EC141,Elundini,Total By Income Source,27649938,Eastern Cape,25.3785719,25.3785719
2016,AUDA,EC141,Elundini,Total By Customer Group,27649938,Eastern Cape,29.2553229,29.2553229
2016,AUDA,EC142,Senqu,Total By Income Source,34288813,Eastern Cape,29.2553229,29.2553229
2016,AUDA,EC142,Senqu,Total By Customer Group,34288809,Eastern Cape,27.9834738,27.9834738
2016,AUDA,EC153,Ngquza Hill,Total By Income Source,49092372,Eastern Cape,27.9834738,27.9834738
2016,AUDA,EC153,Ngquza Hill,Total By Customer Group,49092372,Eastern Cape,28.3929417,28.3929417
2016,AUDA,EC154,Port St Johns,Total By Income Source,26581177,Eastern Cape,28.3929417,28.3929417
2016,AUDA,EC154,Port St Johns,Total By Customer Group,26581177,Eastern Cape,27.6434844,27.6434844
2016,AUDA,EC155,Nyandeni,Total By Income Source,12599724,Eastern Cape,27.6434844,27.6434844
2016,AUDA,EC155,Nyandeni,Total By Customer Group,12599724,Eastern Cape,29.6962677,29.6962677
2016,AUDA,EC156,Mhlontlo,Total By Income Source,23531795,Eastern Cape,29.6962677,29.6962677
2016,AUDA,EC156,Mhlontlo,Total By Customer Group,23531795,Eastern Cape,29.5457058,29.5457058
2016,AUDA,EC157,King Sabata Dalindyebo,Total By Income Source,411406334,Eastern Cape,29.5457058,29.5457058
2016,AUDA,EC157,King Sabata Dalindyebo,Total By Customer Group,411406334,Eastern Cape,29.1390642,29.1390642
2016,AUDA,EC441,Matatiele,Total By Income Source,68420693,Eastern Cape,29.1390642,29.1390642
2016,AUDA,EC441,Matatiele,Total By Customer Group,68420693,Eastern Cape,28.8130675,28.8130675
2016,AUDA,EC442,Umzimvubu,Total By Income Source,25624358,Eastern Cape,28.8130675,28.8130675
2016,AUDA,EC442,Umzimvubu,Total By Customer Group,25624358,Eastern Cape,28.5797981,28.5797981
2016,AUDA,EC443,Mbizana,Total By Income Source,38542332,Eastern Cape,28.5797981,28.5797981
2016,AUDA,EC443,Mbizana,Total By Customer Group,38542332,Eastern Cape,28.7664408,28.7664408
2016,AUDA,EC444,Ntabankulu,Total By Income Source,14605188,Eastern Cape,28.7664408,28.7664408
2016,AUDA,EC444,Ntabankulu,Total By Customer Group,14605187,Eastern Cape,28.9528645,28.9528645
2016,AUDA,EKU,Ekurhuleni,Total By Income Source,13222937897,Eastern Cape,28.9528645,28.9528645
2016,AUDA,EKU,Ekurhuleni,Total By Customer Group,13222937896,Eastern Cape,29.8566142,29.8566142
2016,AUDA,FS161,Letsemeng,Total By Income Source,21689468,Eastern Cape,29.8566142,29.8566142
2016,AUDA,FS161,Letsemeng,Total By Customer Group,21689468,Eastern Cape,29.2785638,29.2785638
2016,AUDA,FS162,Kopanong,Total By Income Source,166302033,Eastern Cape,29.2785638,29.2785638
2016,AUDA,FS162,Kopanong,Total By Customer Group,166302033,Gauteng,28.3461948,28.3461948
2016,AUDA,FS163,Mohokare,Total By Income Source,13055199,Gauteng,28.3461948,28.3461948
2016,AUDA,FS163,Mohokare,Total By Customer Group,13055199,Free State,25.094045,25.094045
2016,AUDA,FS181,Masilonyana,Total By Income Source,446450519,Free State,25.094045,25.094045
2016,AUDA,FS181,Masilonyana,Total By Customer Group,446450519,Free State,25.4733554,25.4733554
2016,AUDA,FS182,Tokologo,Total By Income Source,87800333,Free State,25.4733554,25.4733554
2016,AUDA,FS182,Tokologo,Total By Customer Group,87800333,Free State,26.9852422,26.9852422
2016,AUDA,FS183,Tswelopele,Total By Income Source,53447801,Free State,26.9852422,26.9852422
2016,AUDA,FS183,Tswelopele,Total By Customer Group,53447801,Free State,26.6081653,26.6081653
2016,AUDA,FS184,Matjhabeng,Total By Income Source,591257675,Free State,26.6081653,26.6081653
2016,AUDA,FS184,Matjhabeng,Total By Customer Group,591257675,Free State,25.4733554,25.4733554
2016,AUDA,FS185,Nala,Total By Income Source,398629779,Free State,25.4733554,25.4733554
2016,AUDA,FS185,Nala,Total By Customer Group,398629779,Free State,25.9467997,25.9467997
2016,AUDA,FS191,Setsoto,Total By Income Source,291591159,Free State,25.9467997,25.9467997
2016,AUDA,FS191,Setsoto,Total By Customer Group,291591159,Free State,26.8910342,26.8910342
2016,AUDA,FS192,Dihlabeng,Total By Income Source,60963877,Free State,26.8910342,26.8910342
2016,AUDA,FS192,Dihlabeng,Total By Customer Group,60963877,Free State,26.5137964,26.5137964
2016,AUDA,FS193,Nketoana,Total By Income Source,39591095,Free State,26.5137964,26.5137964
2016,AUDA,FS193,Nketoana,Total By Customer Group,39591095,Free State,27.6434844,27.6434844
2016,AUDA,FS194,Maluti a Phofung,Total By Income Source,251341986,Free State,27.6434844,27.6434844
2016,AUDA,FS194,Maluti a Phofung,Total By Customer Group,251341986,Free State,28.2058768,28.2058768
2016,AUDA,FS195,Phumelela,Total By Income Source,162318094,Free State,28.2058768,28.2058768
2016,AUDA,FS195,Phumelela,Total By Customer Group,162318096,Free State,28.4318311,28.4318311
2016,AUDA,FS196,Mantsopa,Total By Income Source,252609985,Free State,28.4318311,28.4318311
2016,AUDA,FS196,Mantsopa,Total By Customer Group,252609985,Free State,28.9528645,28.9528645
2016,AUDA,FS201,Moqhaka,Total By Income Source,106688011,Free State,28.9528645,28.9528645
2016,AUDA,FS201,Moqhaka,Total By Customer Group,106688011,Free State,29.2320784,29.2320784
2016,AUDA,FS203,Ngwathe,Total By Income Source,602268283,Free State,29.2320784,29.2320784
2016,AUDA,FS203,Ngwathe,Total By Customer Group,602268284,Free State,27.2676116,27.2676116
2016,AUDA,GT421,Emfuleni,Total By Income Source,5239531104,Free State,27.2676116,27.2676116
2016,AUDA,GT421,Emfuleni,Total By Customer Group,5239531104,Free State,27.2676116,27.2676116
2016,AUDA,GT422,Midvaal,Total By Income Source,216020605,Free State,27.2676116,27.2676116
2016,AUDA,GT422,Midvaal,Total By Customer Group,216020605,Free State,27.7373373,27.7373373
2016,AUDA,GT423,Lesedi,Total By Income Source,456187411,Free State,27.7373373,27.7373373
2016,AUDA,GT423,Lesedi,Total By Customer Group,456187411,Gauteng,27.784246,27.784246
2016,AUDA,GT481,Mogale City,Total By Income Source,1110887257,Gauteng,27.784246,27.784246
2016,AUDA,GT481,Mogale City,Total By Customer Group,1110887257,Gauteng,28.0654445,28.0654445
2016,AUDA,JHB,City of Johannesburg,Total By Income Source,16779116002,Gauteng,28.0654445,28.0654445
2016,AUDA,JHB,City of Johannesburg,Total By Customer Group,16779116002,Gauteng,28.4396756,28.4396756
2016,AUDA,KZN212,Umdoni,Total By Income Source,39649481,Gauteng,28.4396756,28.4396756
2016,AUDA,KZN212,Umdoni,Total By Customer Group,39649481,Gauteng,27.5965403,27.5965403
2016,AUDA,KZN213,Umzumbe,Total By Income Source,8954223,Gauteng,27.5965403,27.5965403
2016,AUDA,KZN213,Umzumbe,Total By Customer Group,8954223,Gauteng,27.9717606,27.9717606
2016,AUDA,KZN214,uMuziwabantu,Total By Income Source,12888982,Gauteng,27.9717606,27.9717606
2016,AUDA,KZN214,uMuziwabantu,Total By Customer Group,12888982,KwaZulu-Natal,30.6890055,30.6890055
2016,AUDA,KZN216,Ray Nkonyeni,Total By Income Source,241315220,KwaZulu-Natal,30.6890055,30.6890055
2016,AUDA,KZN216,Ray Nkonyeni,Total By Customer Group,241315220,KwaZulu-Natal,30.5928401,30.5928401
2016,AUDA,KZN221,uMshwathi,Total By Income Source,102102169,KwaZulu-Natal,30.5928401,30.5928401
2016,AUDA,KZN221,uMshwathi,Total By Customer Group,102102169,KwaZulu-Natal,29.9277947,29.9277947
2016,AUDA,KZN222,uMngeni,Total By Income Source,90640670,KwaZulu-Natal,29.9277947,29.9277947
2016,AUDA,KZN222,uMngeni,Total By Customer Group,90640672,KwaZulu-Natal,30.3639319,30.3639319
2016,AUDA,KZN223,Mpofana,Total By Income Source,6808416,KwaZulu-Natal,30.3204873,30.3204873
2016,AUDA,KZN223,Mpofana,Total By Customer Group,6808416,KwaZulu-Natal,30.3639319,30.3639319
2016,AUDA,KZN224,Impendle,Total By Income Source,4553959,KwaZulu-Natal,30.3204873,30.3204873
2016,AUDA,KZN224,Impendle,Total By Customer Group,4553959,KwaZulu-Natal,30.5743164,30.5743164
2016,AUDA,KZN225,The Msunduzi,Total By Income Source,2005225867,KwaZulu-Natal,30.5743164,30.5743164
2016,AUDA,KZN225,The Msunduzi,Total By Customer Group,2005225867,KwaZulu-Natal,30.112735,30.112735
2016,AUDA,KZN226,Mkhambathini,Total By Income Source,15568296,KwaZulu-Natal,30.112735,30.112735
2016,AUDA,KZN226,Mkhambathini,Total By Customer Group,15568296,KwaZulu-Natal,30.112735,30.112735
2016,AUDA,KZN227,Richmond,Total By Income Source,11854880,KwaZulu-Natal,30.112735,30.112735
2016,AUDA,KZN227,Richmond,Total By Customer Group,11854880,KwaZulu-Natal,29.8352303,29.8352303
2016,AUDA,KZN235,Okhahlamba,Total By Income Source,35743348,KwaZulu-Natal,29.8352303,29.8352303
2016,AUDA,KZN235,Okhahlamba,Total By Customer Group,35743348,KwaZulu-Natal,30.3824842,30.3824842
2016,AUDA,KZN241,Endumeni,Total By Income Source,70573206,KwaZulu-Natal,30.3824842,30.3824842
2016,AUDA,KZN241,Endumeni,Total By Customer Group,70573206,KwaZulu-Natal,30.5739579,30.5739579
2016,AUDA,KZN242,Nqutu,Total By Income Source,26560453,KwaZulu-Natal,30.5739579,30.5739579
2016,AUDA,KZN242,Nqutu,Total By Customer Group,26560453,KwaZulu-Natal,30.2974199,30.2974199
2016,AUDA,KZN244,Msinga,Total By Income Source,24781559,KwaZulu-Natal,30.2974199,30.2974199
2016,AUDA,KZN244,Msinga,Total By Customer Group,24781559,KwaZulu-Natal,29.3250347,29.3250347
2016,AUDA,KZN245,Umvoti,Total By Income Source,56594737,KwaZulu-Natal,29.3250347,29.3250347
2016,AUDA,KZN245,Umvoti,Total By Customer Group,56594737,KwaZulu-Natal,30.2343393,30.2343393
2016,AUDA,KZN252,Newcastle,Total By Income Source,991413755,KwaZulu-Natal,30.2343393,30.2343393
2016,AUDA,KZN252,Newcastle,Total By Customer Group,991413755,KwaZulu-Natal,30.6746303,30.6746303
2016,AUDA,KZN253,Emadlangeni,Total By Income Source,27372836,KwaZulu-Natal,30.6746303,30.6746303
2016,AUDA,KZN253,Emadlangeni,Total By Customer Group,27372836,KwaZulu-Natal,30.4357631,30.4357631
2016,AUDA,KZN254,Dannhauser,Total By Income Source,10099116,KwaZulu-Natal,30.4357631,30.4357631
2016,AUDA,KZN254,Dannhauser,Total By Customer Group,10099116,KwaZulu-Natal,30.6199895,30.6199895
2016,AUDA,KZN261,eDumbe,Total By Income Source,6635442,KwaZulu-Natal,30.6199895,30.6199895
2016,AUDA,KZN261,eDumbe,Total By Customer Group,6635442,KwaZulu-Natal,29.9971769,29.9971769
2016,AUDA,KZN262,uPhongolo,Total By Income Source,64097845,KwaZulu-Natal,29.9971769,29.9971769
2016,AUDA,KZN262,uPhongolo,Total By Customer Group,64097845,KwaZulu-Natal,30.315775,30.315775
2016,AUDA,KZN263,Abaqulusi,Total By Income Source,113705958,KwaZulu-Natal,30.315775,30.315775
2016,AUDA,KZN263,Abaqulusi,Total By Customer Group,113705958,KwaZulu-Natal,30.0202964,30.0202964
2016,AUDA,KZN265,Nongoma,Total By Income Source,32513884,KwaZulu-Natal,30.0202964,30.0202964
2016,AUDA,KZN265,Nongoma,Total By Customer Group,32513884,KwaZulu-Natal,30.8039474,30.8039474
2016,AUDA,KZN266,Ulundi,Total By Income Source,120084265,KwaZulu-Natal,30.8039474,30.8039474
2016,AUDA,KZN266,Ulundi,Total By Customer Group,120084268,KwaZulu-Natal,31.5370003,31.5370003
2016,AUDA,KZN271,Umhlabuyalingana,Total By Income Source,34374661,KwaZulu-Natal,31.5370003,31.5370003
2016,AUDA,KZN271,Umhlabuyalingana,Total By Customer Group,0,KwaZulu-Natal,30.9876321,30.9876321
2016,AUDA,KZN272,Jozini,Total By Income Source,97690832,KwaZulu-Natal,30.9876321,30.9876321
2016,AUDA,KZN272,Jozini,Total By Customer Group,97690832,KwaZulu-Natal,31.7195459,31.7195459
2016,AUDA,KZN275,Mtubatuba,Total By Income Source,23316216,KwaZulu-Natal,31.7195459,31.7195459
2016,AUDA,KZN275,Mtubatuba,Total By Customer Group,23316216,KwaZulu-Natal,31.442761,31.442761
2016,AUDA,KZN281,Mfolozi,Total By Income Source,12198804,KwaZulu-Natal,31.442761,31.442761
2016,AUDA,KZN281,Mfolozi,Total By Customer Group,12198804,KwaZulu-Natal,32.4467238,32.4467238
2016,AUDA,KZN282,uMhlathuze,Total By Income Source,290665910,KwaZulu-Natal,32.4467238,32.4467238
2016,AUDA,KZN282,uMhlathuze,Total By Customer Group,290665910,KwaZulu-Natal,32.0650697,32.0650697
2016,AUDA,KZN284,uMlalazi,Total By Income Source,13375993,KwaZulu-Natal,32.0650697,32.0650697
2016,AUDA,KZN284,uMlalazi,Total By Customer Group,13375993,KwaZulu-Natal,32.2880726,32.2880726
2016,AUDA,KZN285,Mthonjaneni,Total By Income Source,24379099,KwaZulu-Natal,32.2880726,32.2880726
2016,AUDA,KZN285,Mthonjaneni,Total By Customer Group,24379099,KwaZulu-Natal,32.259717,32.259717
2016,AUDA,KZN286,Nkandla,Total By Income Source,18095635,KwaZulu-Natal,32.259717,32.259717
2016,AUDA,KZN286,Nkandla,Total By Customer Group,18095635,KwaZulu-Natal,31.947311,31.947311
2016,AUDA,KZN291,Mandeni,Total By Income Source,121135813,KwaZulu-Natal,31.947311,31.947311
2016,AUDA,KZN291,Mandeni,Total By Customer Group,121135813,KwaZulu-Natal,31.4913182,31.4913182
2016,AUDA,KZN292,KwaDukuza,Total By Income Source,143740099,KwaZulu-Natal,31.4913182,31.4913182
2016,AUDA,KZN292,KwaDukuza,Total By Customer Group,143740096,KwaZulu-Natal,31.3998995,31.3998995
2016,AUDA,KZN293,Ndwedwe,Total By Income Source,8020084,KwaZulu-Natal,31.3998995,31.3998995
2016,AUDA,KZN293,Ndwedwe,Total By Customer Group,8020084,KwaZulu-Natal,31.0894002,31.0894002
2016,AUDA,KZN294,Maphumulo,Total By Income Source,20541720,KwaZulu-Natal,31.0894002,31.0894002
2016,AUDA,KZN294,Maphumulo,Total By Customer Group,20541720,KwaZulu-Natal,31.4684703,31.4684703
2016,AUDA,KZN433,Greater Kokstad,Total By Income Source,57835038,KwaZulu-Natal,31.4684703,31.4684703
2016,AUDA,KZN433,Greater Kokstad,Total By Customer Group,57835038,KwaZulu-Natal,31.2892229,31.2892229
2016,AUDA,KZN434,Ubuhlebezwe,Total By Income Source,24473942,KwaZulu-Natal,31.2892229,31.2892229
2016,AUDA,KZN434,Ubuhlebezwe,Total By Customer Group,24473940,KwaZulu-Natal,30.9417368,30.9417368
2016,AUDA,KZN435,Umzimkhulu,Total By Income Source,6936076,KwaZulu-Natal,30.9417368,30.9417368
2016,AUDA,KZN435,Umzimkhulu,Total By Customer Group,6936076,KwaZulu-Natal,31.03351,31.03351
2016,AUDA,LIM331,Greater Giyani,Total By Income Source,116491819,KwaZulu-Natal,31.03351,31.03351
2016,AUDA,LIM331,Greater Giyani,Total By Customer Group,116491819,KwaZulu-Natal,29.3714909,29.3714909
2016,AUDA,LIM333,Greater Tzaneen,Total By Income Source,324325387,KwaZulu-Natal,29.3714909,29.3714909
2016,AUDA,LIM333,Greater Tzaneen,Total By Customer Group,324325387,KwaZulu-Natal,30.0665236,30.0665236
2016,AUDA,LIM334,Ba-Phalaborwa,Total By Income Source,406189310,KwaZulu-Natal,30.0665236,30.0665236
2016,AUDA,LIM334,Ba-Phalaborwa,Total By Customer Group,406189310,KwaZulu-Natal,29.6962677,29.6962677
2016,AUDA,LIM335,Maruleng,Total By Income Source,4396463,KwaZulu-Natal,29.6962677,29.6962677
2016,AUDA,LIM335,Maruleng,Total By Customer Group,4396463,Limpopo,30.8039474,30.8039474
2016,AUDA,LIM341,Musina,Total By Income Source,24931355,Limpopo,30.8039474,30.8039474
2016,AUDA,LIM341,Musina,Total By Customer Group,24931355,Limpopo,30.0665236,30.0665236
2016,AUDA,LIM343,Thulamela,Total By Income Source,405374654,Limpopo,30.0665236,30.0665236
2016,AUDA,LIM343,Thulamela,Total By Customer Group,405374654,Limpopo,31.1406753,31.1406753
2016,AUDA,LIM344,Makhado,Total By Income Source,142474415,Limpopo,31.1406753,31.1406753
2016,AUDA,LIM344,Makhado,Total By Customer Group,142474415,Limpopo,30.9576681,30.9576681
2016,AUDA,LIM351,Blouberg,Total By Income Source,63751084,Limpopo,30.9576681,30.9576681
2016,AUDA,LIM351,Blouberg,Total By Customer Group,63751084,Limpopo,29.6962677,29.6962677
2016,AUDA,LIM354,Polokwane,Total By Income Source,869170393,Limpopo,29.6962677,29.6962677
2016,AUDA,LIM354,Polokwane,Total By Customer Group,869170392,Limpopo,30.6199895,30.6199895
2016,AUDA,LIM362,Lephalale,Total By Income Source,173532264,Limpopo,30.6199895,30.6199895
2016,AUDA,LIM362,Lephalale,Total By Customer Group,173532261,Limpopo,29.9070436,29.9070436
2016,AUDA,LIM367,Mogalakwena,Total By Income Source,506983731,Limpopo,29.9070436,29.9070436
2016,AUDA,LIM367,Mogalakwena,Total By Customer Group,506983731,Limpopo,28.9950702,28.9950702
2016,AUDA,LIM471,Ephraim Mogale,Total By Income Source,38035272,Limpopo,28.9950702,28.9950702
2016,AUDA,LIM471,Ephraim Mogale,Total By Customer Group,38035272,Limpopo,29.4485367,29.4485367
2016,AUDA,LIM472,Elias Motsoaledi,Total By Income Source,63570852,Limpopo,29.4485367,29.4485367
2016,AUDA,LIM472,Elias Motsoaledi,Total By Customer Group,63570852,Limpopo,27.7373373,27.7373373
2016,AUDA,LIM473,Makhuduthamaga,Total By Income Source,238947803,Limpopo,27.7373373,27.7373373
2016,AUDA,LIM473,Makhuduthamaga,Total By Customer Group,238947803,Limpopo,29.0138916,29.0138916
2016,AUDA,MAN,Mangaung,Total By Income Source,3807514235,Limpopo,29.0138916,29.0138916
2016,AUDA,MAN,Mangaung,Total By Customer Group,3807514235,Limpopo,29.3250347,29.3250347
2016,AUDA,MP302,Msukaligwa,Total By Income Source,394220207,Limpopo,29.3250347,29.3250347
2016,AUDA,MP302,Msukaligwa,Total By Customer Group,394220207,Limpopo,29.3949458,29.3949458
2016,AUDA,MP303,Mkhondo,Total By Income Source,28325503,Limpopo,29.3949458,29.3949458
2016,AUDA,MP303,Mkhondo,Total By Customer Group,28325503,Limpopo,29.8352303,29.8352303
2016,AUDA,MP304,Dr Pixley Ka Isaka Seme,Total By Income Source,311838146,Limpopo,29.8352303,29.8352303
2016,AUDA,MP304,Dr Pixley Ka Isaka Seme,Total By Customer Group,311838146,Free State,26.3249438,26.3249438
2016,AUDA,MP306,Dipaleseng,Total By Income Source,300030946,Free State,26.3249438,26.3249438
2016,AUDA,MP306,Dipaleseng,Total By Customer Group,300030946,Mpumalanga,30.0665236,30.0665236
2016,AUDA,MP307,Govan Mbeki,Total By Income Source,190714056,Mpumalanga,30.0665236,30.0665236
2016,AUDA,MP307,Govan Mbeki,Total By Customer Group,190714056,Mpumalanga,30.6199895,30.6199895
2016,AUDA,MP313,Steve Tshwete,Total By Income Source,110234741,Mpumalanga,30.6199895,30.6199895
2016,AUDA,MP313,Steve Tshwete,Total By Customer Group,110234741,Mpumalanga,29.8815203,29.8815203
2016,AUDA,MP314,Emakhazeni,Total By Income Source,151492896,Mpumalanga,29.8815203,29.8815203
2016,AUDA,MP314,Emakhazeni,Total By Customer Group,151492896,Mpumalanga,28.5797981,28.5797981
2016,AUDA,MP321,Thaba Chweu,Total By Income Source,223574283,Mpumalanga,28.5797981,28.5797981
2016,AUDA,MP321,Thaba Chweu,Total By Customer Group,223574283,Mpumalanga,29.1390642,29.1390642
2016,AUDA,NC061,Richtersveld,Total By Income Source,53828891,Mpumalanga,29.1390642,29.1390642
2016,AUDA,NC061,Richtersveld,Total By Customer Group,53828891,Mpumalanga,29.4681751,29.4681751
2016,AUDA,NC062,Nama Khoi,Total By Income Source,96606050,Mpumalanga,29.4681751,29.4681751
2016,AUDA,NC062,Nama Khoi,Total By Customer Group,96606050,Mpumalanga,30.0665236,30.0665236
2016,AUDA,NC064,Kamiesberg,Total By Income Source,51036170,Mpumalanga,30.0665236,30.0665236
2016,AUDA,NC064,Kamiesberg,Total By Customer Group,51036170,Mpumalanga,30.7791913,30.7791913
2016,AUDA,NC065,Hantam,Total By Income Source,35934080,Mpumalanga,30.7791913,30.7791913
2016,AUDA,NC065,Hantam,Total By Customer Group,35934080,Northern Cape,17.1011931,17.1011931
2016,AUDA,NC066,Karoo Hoogland,Total By Income Source,23353826,Northern Cape,17.1011931,17.1011931
2016,AUDA,NC066,Karoo Hoogland,Total By Customer Group,23353826,Northern Cape,17.8583868,17.8583868
2016,AUDA,NC067,Khâi-Ma,Total By Income Source,41544971,Northern Cape,17.8583868,17.8583868
2016,AUDA,NC067,Khâi-Ma,Total By Customer Group,41544971,Northern Cape,17.8583868,17.8583868
2016,AUDA,NC071,Ubuntu,Total By Income Source,58561085,Northern Cape,17.8583868,17.8583868
2016,AUDA,NC071,Ubuntu,Total By Customer Group,58561085,Northern Cape,19.949686,19.949686
2016,AUDA,NC072,Umsobomvu,Total By Income Source,109763441,Northern Cape,19.949686,19.949686
2016,AUDA,NC072,Umsobomvu,Total By Customer Group,109763441,Northern Cape,20.902977,20.902977
2016,AUDA,NC074,Kareeberg,Total By Income Source,6192215,Northern Cape,20.902977,20.902977
2016,AUDA,NC074,Kareeberg,Total By Customer Group,6192212,Northern Cape,19.237649,19.237649
2016,AUDA,NC082,Kai !Garib,Total By Income Source,151938266,Northern Cape,19.237649,19.237649
2016,AUDA,NC082,Kai !Garib,Total By Customer Group,151938266,Northern Cape,23.1918021,23.1918021
2016,AUDA,NC084,!Kheis,Total By Income Source,38077684,Northern Cape,23.1918021,23.1918021
2016,AUDA,NC084,!Kheis,Total By Customer Group,38077684,Northern Cape,24.9991464,24.9991464
2016,AUDA,NC085,Tsantsabane,Total By Income Source,168230966,Northern Cape,24.9991464,24.9991464
2016,AUDA,NC085,Tsantsabane,Total By Customer Group,168230966,Northern Cape,22.047637,22.047637
2016,AUDA,NC091,Sol Plaatjie,Total By Income Source,1587495955,Northern Cape,22.047637,22.047637
2016,AUDA,NC091,Sol Plaatjie,Total By Customer Group,1587495955,Northern Cape,20.9759699,20.9759699
2016,AUDA,NC092,Dikgatlong,Total By Income Source,251680963,Northern Cape,20.9759699,20.9759699
2016,AUDA,NC092,Dikgatlong,Total By Customer Group,251680963,Northern Cape,21.6660725,21.6660725
2016,AUDA,NC451,Joe Morolong,Total By Income Source,10555883,Northern Cape,21.6660725,21.6660725
2016,AUDA,NC451,Joe Morolong,Total By Customer Group,10555883,Northern Cape,23.1918021,23.1918021
2016,AUDA,NC452,Ga-Segonyana,Total By Income Source,81067003,Northern Cape,23.1918021,23.1918021
2016,AUDA,NC452,Ga-Segonyana,Total By Customer Group,81067003,Northern Cape,24.6667939,24.6667939
2016,AUDA,NC453,Gamagara,Total By Income Source,852853907,Northern Cape,24.6667939,24.6667939
2016,AUDA,NC453,Gamagara,Total By Customer Group,852853907,Northern Cape,24.5197,24.5197
2016,AUDA,NMA,Nelson Mandela Bay,Total By Income Source,3348140797,Northern Cape,24.5197,24.5197
2016,AUDA,NMA,Nelson Mandela Bay,Total By Customer Group,3348140797,Northern Cape,23.287085,23.287085
2016,AUDA,NW372,Local Municipality of Madibeng,Total By Income Source,306794929,Northern Cape,23.287085,23.287085
2016,AUDA,NW372,Local Municipality of Madibeng,Total By Customer Group,306794929,Northern Cape,23.4776098,23.4776098
2016,AUDA,NW373,Rustenburg,Total By Income Source,2892325956,Northern Cape,23.4776098,23.4776098
2016,AUDA,NW373,Rustenburg,Total By Customer Group,2892325958,Northern Cape,23.0488541,23.0488541
2016,AUDA,NW382,Tswaing,Total By Income Source,36876845,Northern Cape,23.0488541,23.0488541
2016,AUDA,NW382,Tswaing,Total By Customer Group,36876845,Eastern Cape,25.5681084,25.5681084
2016,AUDA,NW394,Greater Taung,Total By Income Source,38027142,Eastern Cape,25.5681084,25.5681084
2016,AUDA,NW394,Greater Taung,Total By Customer Group,38027142,North West,27.8311428,27.8311428
2016,AUDA,NW396,Lekwa-Teemane,Total By Income Source,406630770,North West,27.8311428,27.8311428
2016,AUDA,NW396,Lekwa-Teemane,Total By Customer Group,406630770,North West,27.2676116,27.2676116
2016,AUDA,NW397,Kagisano/Molopo,Total By Income Source,6302939,North West,27.2676116,27.2676116
2016,AUDA,NW397,Kagisano/Molopo,Total By Customer Group,6302939,North West,25.7575196,25.7575196
2016,AUDA,NW403,City of Matlosana,Total By Income Source,1812382914,North West,25.7575196,25.7575196
2016,AUDA,NW403,City of Matlosana,Total By Customer Group,1812382914,North West,24.2390498,24.2390498
2016,AUDA,WC011,Matzikama,Total By Income Source,55524687,North West,24.2390498,24.2390498
2016,AUDA,WC011,Matzikama,Total By Customer Group,55524687,North West,25.3785719,25.3785719
2016,AUDA,WC012,Cederberg,Total By Income Source,83547316,North West,25.3785719,25.3785719
2016,AUDA,WC012,Cederberg,Total By Customer Group,83547317,North West,23.9536466,23.9536466
2016,AUDA,WC013,Bergrivier,Total By Income Source,73253117,North West,23.9536466,23.9536466
2016,AUDA,WC013,Bergrivier,Total By Customer Group,73253117,North West,26.5137964,26.5137964
2016,AUDA,WC014,Saldanha Bay,Total By Income Source,241578967,North West,26.5137964,26.5137964
2016,AUDA,WC014,Saldanha Bay,Total By Customer Group,241578967,Western Cape,18.5225709,18.5225709
2016,AUDA,WC015,Swartland,Total By Income Source,61811392,Western Cape,18.5225709,18.5225709
2016,AUDA,WC015,Swartland,Total By Customer Group,61811392,Western Cape,19.0118251,19.0118251
2016,AUDA,WC022,Witzenberg,Total By Income Source,151257927,Western Cape,19.0118251,19.0118251
2016,AUDA,WC022,Witzenberg,Total By Customer Group,151257928,Western Cape,18.7125791,18.7125791
2016,AUDA,WC023,Drakenstein,Total By Income Source,324001171,Western Cape,18.7125791,18.7125791
2016,AUDA,WC023,Drakenstein,Total By Customer Group,324001171,Western Cape,18.1903059,18.1903059
2016,AUDA,WC024,Stellenbosch,Total By Income Source,169243848,Western Cape,18.1903059,18.1903059
2016,AUDA,WC024,Stellenbosch,Total By Customer Group,169243848,Western Cape,18.6624903,18.6624903
2016,AUDA,WC025,Breede Valley,Total By Income Source,137648089,Western Cape,18.6624903,18.6624903
2016,AUDA,WC025,Breede Valley,Total By Customer Group,137648088,Western Cape,19.2831531,19.2831531
2016,AUDA,WC026,Langeberg,Total By Income Source,51417323,Western Cape,19.2831531,19.2831531
2016,AUDA,WC026,Langeberg,Total By Customer Group,51417323,Western Cape,19.04532,19.04532
2016,AUDA,WC031,Theewaterskloof,Total By Income Source,187623100,Western Cape,19.04532,19.04532
2016,AUDA,WC031,Theewaterskloof,Total By Customer Group,187623100,Western Cape,18.9502232,18.9502232
2016,AUDA,WC032,Overstrand,Total By Income Source,76926022,Western Cape,18.9502232,18.9502232
2016,AUDA,WC032,Overstrand,Total By Customer Group,76926027,Western Cape,19.4735066,19.4735066
2016,AUDA,WC033,Cape Agulhas,Total By Income Source,32334724,Western Cape,19.4735066,19.4735066
2016,AUDA,WC033,Cape Agulhas,Total By Customer Group,32334724,Western Cape,27.812138,27.812138
2016,AUDA,WC034,Swellendam,Total By Income Source,33961343,Western Cape,27.812138,27.812138
2016,AUDA,WC034,Swellendam,Total By Customer Group,33961341,Western Cape,19.4252453,19.4252453
2016,AUDA,WC042,Hessequa,Total By Income Source,94046751,Western Cape,19.4252453,19.4252453
2016,AUDA,WC042,Hessequa,Total By Customer Group,94046751,Western Cape,19.4259114,19.4259114
2016,AUDA,WC043,Mossel Bay,Total By Income Source,42520432,Western Cape,19.4259114,19.4259114
2016,AUDA,WC043,Mossel Bay,Total By Customer Group,42520429,Western Cape,20.0449662,20.0449662
2016,AUDA,WC044,George,Total By Income Source,129225060,Western Cape,20.0449662,20.0449662
2016,AUDA,WC044,George,Total By Customer Group,129225059,Western Cape,20.7185132,20.7185132
2016,AUDA,WC045,Oudtshoorn,Total By Income Source,109131863,Western Cape,20.7185132,20.7185132
2016,AUDA,WC045,Oudtshoorn,Total By Customer Group,109131863,Western Cape,21.1891151,21.1891151
2016,AUDA,WC048,Knysna,Total By Income Source,270903522,Western Cape,21.1891151,21.1891151
2016,AUDA,WC048,Knysna,Total By Customer Group,270903518,Western Cape,21.9045541,21.9045541
2016,AUDA,WC051,Laingsburg,Total By Income Source,5544416,Western Cape,21.9045541,21.9045541
2016,AUDA,WC051,Laingsburg,Total By Customer Group,5544416,Western Cape,22.4768287,22.4768287
2016,AUDA,WC052,Prince Albert,Total By Income Source,1849170,Western Cape,22.4768287,22.4768287
2016,AUDA,WC052,Prince Albert,Total By Customer Group,1849170,Western Cape,22.1430215,22.1430215
